,index,name,size,type,alignment,hit_points,hit_dice,hit_points_roll,strength,dexterity,constitution,intelligence,wisdom,charisma,languages,challenge_rating,proficiency_bonus,xp,image,url,updated_at,desc,subtype
0,aboleth,Aboleth,Large,aberration,lawful evil,135,18d10,18d10+36,21,9,15,18,15,18,"Deep Speech, telepathy 120 ft.",10.0,4,5900,/api/images/monsters/aboleth.png,/api/2014/monsters/aboleth,2025-05-04T02:15:02.219Z,,
1,acolyte,Acolyte,Medium,humanoid,any alignment,9,2d8,2d8,10,10,10,10,14,11,any one language (usually Common),0.25,2,50,/api/images/monsters/acolyte.png,/api/2014/monsters/acolyte,2025-05-04T02:15:02.219Z,"Acolytes are junior members of a clergy, usually answerable to a priest. They perform a variety of functions in a temple and are granted minor spellcasting power by their deities.",any race
2,adult-black-dragon,Adult Black Dragon,Huge,dragon,chaotic evil,195,17d12,17d12+85,23,14,21,14,13,17,"Common, Draconic",14.0,5,11500,/api/images/monsters/adult-black-dragon.png,/api/2014/monsters/adult-black-dragon,2025-05-04T02:15:02.219Z,,
3,adult-blue-dragon,Adult Blue Dragon,Huge,dragon,lawful evil,225,18d12,18d12+108,25,10,23,16,15,19,"Common, Draconic",16.0,5,15000,/api/images/monsters/adult-blue-dragon.png,/api/2014/monsters/adult-blue-dragon,2025-05-04T02:15:02.219Z,,
4,adult-brass-dragon,Adult Brass Dragon,Huge,dragon,chaotic good,172,15d12,15d12+75,23,10,21,14,13,17,"Common, Draconic",13.0,5,10000,/api/images/monsters/adult-brass-dragon.png,/api/2014/monsters/adult-brass-dragon,2025-05-04T02:15:02.219Z,,
5,adult-bronze-dragon,Adult Bronze Dragon,Huge,dragon,lawful good,212,17d12,17d12+102,25,10,23,16,15,19,"Common, Draconic",15.0,5,13000,/api/images/monsters/adult-bronze-dragon.png,/api/2014/monsters/adult-bronze-dragon,2025-05-04T02:15:02.219Z,,
6,adult-copper-dragon,Adult Copper Dragon,Huge,dragon,chaotic good,184,16d12,16d12+80,23,12,21,18,15,17,"Common, Draconic",14.0,5,11500,/api/images/monsters/adult-copper-dragon.png,/api/2014/monsters/adult-copper-dragon,2025-05-04T02:15:02.219Z,,
7,adult-gold-dragon,Adult Gold Dragon,Huge,dragon,lawful good,256,19d12,19d12+133,27,14,25,16,15,24,"Common, Draconic",17.0,6,18000,/api/images/monsters/adult-gold-dragon.png,/api/2014/monsters/adult-gold-dragon,2025-05-04T02:15:02.219Z,,
8,adult-green-dragon,Adult Green Dragon,Huge,dragon,lawful evil,207,18d12,18d12+90,23,12,21,18,15,17,"Common, Draconic",15.0,5,13000,/api/images/monsters/adult-green-dragon.png,/api/2014/monsters/adult-green-dragon,2025-05-04T02:15:02.219Z,,
9,adult-red-dragon,Adult Red Dragon,Huge,dragon,chaotic evil,256,19d12,19d12+133,27,10,25,16,13,21,"Common, Draconic",17.0,6,18000,/api/images/monsters/adult-red-dragon.png,/api/2014/monsters/adult-red-dragon,2025-05-04T02:15:02.219Z,,
10,adult-silver-dragon,Adult Silver Dragon,Huge,dragon,lawful good,243,18d12,18d12+126,27,10,25,16,13,21,"Common, Draconic",16.0,5,15000,/api/images/monsters/adult-silver-dragon.png,/api/2014/monsters/adult-silver-dragon,2025-05-04T02:15:02.220Z,,
11,adult-white-dragon,Adult White Dragon,Huge,dragon,chaotic evil,200,16d12,16d12+96,22,10,22,8,12,12,"Common, Draconic",13.0,5,10000,/api/images/monsters/adult-white-dragon.png,/api/2014/monsters/adult-white-dragon,2025-05-04T02:15:02.221Z,,
12,air-elemental,Air Elemental,Large,elemental,neutral,90,12d10,12d10+24,14,20,14,6,10,6,Auran,5.0,3,1800,/api/images/monsters/air-elemental.png,/api/2014/monsters/air-elemental,2025-05-04T02:15:02.221Z,,
13,ancient-black-dragon,Ancient Black Dragon,Gargantuan,dragon,chaotic evil,367,21d20,21d20+147,27,14,25,16,15,19,"Common, Draconic",21.0,7,33000,/api/images/monsters/ancient-black-dragon.png,/api/2014/monsters/ancient-black-dragon,2025-05-04T02:15:02.221Z,,
14,ancient-blue-dragon,Ancient Blue Dragon,Gargantuan,dragon,lawful evil,481,26d20,26d20+208,29,10,27,18,17,21,"Common, Draconic",23.0,7,50000,/api/images/monsters/ancient-blue-dragon.png,/api/2014/monsters/ancient-blue-dragon,2025-05-04T02:15:02.221Z,,
15,ancient-brass-dragon,Ancient Brass Dragon,Gargantuan,dragon,chaotic good,297,17d20,17d20+119,27,10,25,16,15,19,"Common, Draconic",20.0,6,25000,/api/images/monsters/ancient-brass-dragon.png,/api/2014/monsters/ancient-brass-dragon,2025-05-04T02:15:02.221Z,,
16,ancient-bronze-dragon,Ancient Bronze Dragon,Gargantuan,dragon,lawful good,444,24d20,24d20+192,29,10,27,18,17,21,"Common, Draconic",22.0,7,41000,/api/images/monsters/ancient-bronze-dragon.png,/api/2014/monsters/ancient-bronze-dragon,2025-05-04T02:15:02.221Z,,
17,ancient-copper-dragon,Ancient Copper Dragon,Gargantuan,dragon,chaotic good,350,20d20,20d20+140,27,12,25,20,17,19,"Common, Draconic",21.0,7,33000,/api/images/monsters/ancient-copper-dragon.png,/api/2014/monsters/ancient-copper-dragon,2025-05-04T02:15:02.221Z,,
18,ancient-gold-dragon,Ancient Gold Dragon,Gargantuan,dragon,lawful good,546,28d20,28d20+252,30,14,29,18,17,28,"Common, Draconic",24.0,7,62000,/api/images/monsters/ancient-gold-dragon.png,/api/2014/monsters/ancient-gold-dragon,2025-05-04T02:15:02.221Z,,
19,ancient-green-dragon,Ancient Green Dragon,Gargantuan,dragon,lawful evil,385,22d20,22d20+154,27,12,25,20,17,19,"Common, Draconic",22.0,7,41000,/api/images/monsters/ancient-green-dragon.png,/api/2014/monsters/ancient-green-dragon,2025-05-04T02:15:02.221Z,,
20,ancient-red-dragon,Ancient Red Dragon,Gargantuan,dragon,chaotic evil,546,28d20,28d20+252,30,10,29,18,15,23,"Common, Draconic",24.0,7,62000,/api/images/monsters/ancient-red-dragon.png,/api/2014/monsters/ancient-red-dragon,2025-05-04T02:15:02.221Z,,
21,ancient-silver-dragon,Ancient Silver Dragon,Gargantuan,dragon,lawful good,487,25d20,25d20+225,30,10,29,18,15,23,"Common, Draconic",23.0,7,50000,/api/images/monsters/ancient-silver-dragon.png,/api/2014/monsters/ancient-silver-dragon,2025-05-04T02:15:02.221Z,,
22,ancient-white-dragon,Ancient White Dragon,Gargantuan,dragon,chaotic evil,333,18d20,18d20+144,26,10,26,10,13,14,"Common, Draconic",20.0,6,25000,/api/images/monsters/ancient-white-dragon.png,/api/2014/monsters/ancient-white-dragon,2025-05-04T02:15:02.221Z,,
23,androsphinx,Androsphinx,Large,monstrosity,lawful neutral,199,19d10,19d10+95,22,10,20,16,18,23,"Common, Sphinx",17.0,6,18000,/api/images/monsters/androsphinx.png,/api/2014/monsters/androsphinx,2025-05-04T02:15:02.222Z,,
24,animated-armor,Animated Armor,Medium,construct,unaligned,33,6d8,6d8+6,14,11,13,1,3,1,,1.0,2,200,/api/images/monsters/animated-armor.png,/api/2014/monsters/animated-armor,2025-05-04T02:15:02.222Z,,
25,ankheg,Ankheg,Large,monstrosity,unaligned,39,6d10,6d10+6,17,11,13,1,13,6,,2.0,2,250,/api/images/monsters/ankheg.png,/api/2014/monsters/ankheg,2025-05-04T02:15:02.222Z,,
26,ape,Ape,Medium,beast,unaligned,19,3d8,3d8+6,16,14,14,6,12,7,,0.5,2,100,/api/images/monsters/ape.png,/api/2014/monsters/ape,2025-05-04T02:15:02.222Z,,
27,archmage,Archmage,Medium,humanoid,any alignment,99,18d8,18d8+18,10,14,12,20,15,16,any six languages,12.0,4,8400,/api/images/monsters/archmage.png,/api/2014/monsters/archmage,2025-05-04T02:15:02.222Z,"Archmages are powerful (and usually quite old) spellcasters dedicated to the study of the arcane arts. Benevolent ones counsel kings and queens, while evil ones rule as tyrants and pursue lichdom. Those who are neither good nor evil sequester themselves in remote towers to practice their magic without interruption. 

An archmage typically has one or more apprentice mages, and an archmage’s abode has numerous magical wards and guardians to discourage interlopers.",any race
28,assassin,Assassin,Medium,humanoid,any non-good alignment,78,12d8,12d8+24,11,16,14,13,11,10,Thieves' cant plus any two languages,8.0,3,3900,/api/images/monsters/assassin.png,/api/2014/monsters/assassin,2025-05-04T02:15:02.222Z,"Trained in the use of poison, assassins are remorseless killers who work for nobles, guildmasters, sovereigns, and anyone else who can afford them.",any race
29,awakened-shrub,Awakened Shrub,Small,plant,unaligned,10,3d6,3d6,3,8,11,10,10,6,one language known by its creator,0.0,2,10,/api/images/monsters/awakened-shrub.png,/api/2014/monsters/awakened-shrub,2025-05-04T02:15:02.222Z,An awakened shrub is an ordinary shrub given sentience and mobility by the awaken spell or similar magic.,
30,awakened-tree,Awakened Tree,Huge,plant,unaligned,59,7d12,7d12+14,19,6,15,10,10,7,one language known by its creator,2.0,2,450,/api/images/monsters/awakened-tree.png,/api/2014/monsters/awakened-tree,2025-05-04T02:15:02.222Z,An awakened tree is an ordinary tree given sentience and mobility by the awaken spell or similar magic.,
31,axe-beak,Axe Beak,Large,beast,unaligned,19,3d10,3d10+3,14,12,12,2,10,5,,0.25,2,50,/api/images/monsters/axe-beak.png,/api/2014/monsters/axe-beak,2025-05-04T02:15:02.222Z,"An axe beak is a tall flightless bird with strong legs and a heavy, wedge-shaped beak. It has a nasty disposition and tends to attack any unfamiliar creature that wanders too close.",
32,azer,Azer,Medium,elemental,lawful neutral,39,6d8,6d8+12,17,12,15,12,13,10,Ignan,2.0,2,450,/api/images/monsters/azer.png,/api/2014/monsters/azer,2025-05-04T02:15:02.222Z,,
33,baboon,Baboon,Small,beast,unaligned,3,1d6,1d6,8,14,11,4,12,6,,0.0,2,10,/api/images/monsters/baboon.png,/api/2014/monsters/baboon,2025-05-04T02:15:02.222Z,,
34,badger,Badger,Tiny,beast,unaligned,3,1d4,1d4+1,4,11,12,2,12,5,,0.0,2,10,/api/images/monsters/badger.png,/api/2014/monsters/badger,2025-05-04T02:15:02.222Z,,
35,balor,Balor,Huge,fiend,chaotic evil,262,21d12,21d12+126,26,15,22,20,16,22,"Abyssal, telepathy 120 ft.",19.0,6,22000,/api/images/monsters/balor.png,/api/2014/monsters/balor,2025-05-04T02:15:02.222Z,,demon
36,bandit,Bandit,Medium,humanoid,any non-lawful alignment,11,2d8,2d8+2,11,12,12,10,10,10,any one language (usually Common),0.125,2,25,/api/images/monsters/bandit.png,/api/2014/monsters/bandit,2025-05-04T02:15:02.222Z,"**Bandits** rove in gangs and are sometimes led by thugs, veterans, or spellcasters. Not all bandits are evil. Oppression, drought, disease, or famine can often drive otherwise honest folk to a life of banditry.

**Pirates** are bandits of the high seas. They might be freebooters interested only in treasure and murder, or they might be privateers sanctioned by the crown to attack and plunder an enemy nation’s vessels.",any race
37,bandit-captain,Bandit Captain,Medium,humanoid,any non-lawful alignment,65,10d8,10d8+20,15,16,14,14,11,14,any two languages,2.0,2,450,/api/images/monsters/bandit-captain.png,/api/2014/monsters/bandit-captain,2025-05-04T02:15:02.222Z,"It takes a strong personality, ruthless cunning, and a silver tongue to keep a gang of bandits in line. The **bandit captain** has these qualities in spades.

In addition to managing a crew of selfish malcontents, the **pirate captain** is a variation of the bandit captain, with a ship to protect and command. To keep the crew in line, the captain must mete out rewards and punishment on a regular basis.

More than treasure, a bandit captain or pirate captain craves infamy. A prisoner who appeals to the captain’s vanity or ego is more likely to be treated fairly than a prisoner who does not or claims not to know anything of the captain’s colorful reputation.",any race
38,barbed-devil,Barbed Devil,Medium,fiend,lawful evil,110,13d8,13d8+52,16,17,18,12,14,14,"Infernal, telepathy 120 ft.",5.0,3,1800,/api/images/monsters/barbed-devil.png,/api/2014/monsters/barbed-devil,2025-05-04T02:15:02.222Z,,devil
39,basilisk,Basilisk,Medium,monstrosity,unaligned,52,8d8,8d8+16,16,8,15,2,8,7,,3.0,2,700,/api/images/monsters/basilisk.png,/api/2014/monsters/basilisk,2025-05-04T02:15:02.222Z,,
40,bat,Bat,Tiny,beast,unaligned,1,1d4,1d4-1,2,15,8,2,12,4,,0.0,2,10,/api/images/monsters/bat.png,/api/2014/monsters/bat,2025-05-04T02:15:02.222Z,,
41,bearded-devil,Bearded Devil,Medium,fiend,lawful evil,52,8d8,8d8+16,16,15,15,9,11,11,"Infernal, telepathy 120 ft.",3.0,2,700,/api/images/monsters/bearded-devil.png,/api/2014/monsters/bearded-devil,2025-05-04T02:15:02.222Z,,devil
42,behir,Behir,Huge,monstrosity,neutral evil,168,16d12,16d12+64,23,16,18,7,14,12,Draconic,11.0,4,7200,/api/images/monsters/behir.png,/api/2014/monsters/behir,2025-05-04T02:15:02.222Z,,
43,berserker,Berserker,Medium,humanoid,any chaotic alignment,67,9d8,9d8+27,16,12,17,9,11,9,any one language (usually Common),2.0,2,450,/api/images/monsters/berserker.png,/api/2014/monsters/berserker,2025-05-04T02:15:02.222Z,,any race
44,black-bear,Black Bear,Medium,beast,unaligned,19,3d8,3d8+6,15,10,14,2,12,7,,0.5,2,100,/api/images/monsters/black-bear.png,/api/2014/monsters/black-bear,2025-05-04T02:15:02.222Z,,
45,black-dragon-wyrmling,Black Dragon Wyrmling,Medium,dragon,chaotic evil,33,6d8,6d8+6,15,14,13,10,11,13,Draconic,2.0,2,450,/api/images/monsters/black-dragon-wyrmling.png,/api/2014/monsters/black-dragon-wyrmling,2025-05-04T02:15:02.222Z,,
46,black-pudding,Black Pudding,Large,ooze,unaligned,85,10d10,10d10+30,16,5,16,1,6,1,,4.0,2,1100,/api/images/monsters/black-pudding.png,/api/2014/monsters/black-pudding,2025-05-04T02:15:02.222Z,,
47,blink-dog,Blink Dog,Medium,fey,lawful good,22,4d8,4d8+4,12,17,12,10,13,11,"Blink Dog, understands Sylvan but can't speak it",0.25,2,50,/api/images/monsters/blink-dog.png,/api/2014/monsters/blink-dog,2025-05-04T02:15:02.222Z,"A blink dog takes its name from its ability to blink in and out of existence, a talent it uses to aid its attacks and to avoid harm.",
48,blood-hawk,Blood Hawk,Small,beast,unaligned,7,2d6,2d6,6,14,10,3,14,5,,0.125,2,25,/api/images/monsters/blood-hawk.png,/api/2014/monsters/blood-hawk,2025-05-04T02:15:02.222Z,"Taking its name from its crimson feathers and aggressive nature, the blood hawk fearlessly attacks almost any animal, stabbing it with its daggerlike beak. Blood hawks flock together in large numbers, attacking as a pack to take down prey.",
49,blue-dragon-wyrmling,Blue Dragon Wyrmling,Medium,dragon,lawful evil,52,8d8,8d8+16,17,10,15,12,11,15,Draconic,3.0,2,700,/api/images/monsters/blue-dragon-wyrmling.png,/api/2014/monsters/blue-dragon-wyrmling,2025-05-04T02:15:02.222Z,,
50,boar,Boar,Medium,beast,unaligned,11,2d8,2d8+2,13,11,12,2,9,5,,0.25,2,50,/api/images/monsters/boar.png,/api/2014/monsters/boar,2025-05-04T02:15:02.223Z,,
51,bone-devil,Bone Devil,Large,fiend,lawful evil,142,15d10,15d10+60,18,16,18,13,14,16,"Infernal, telepathy 120 ft.",9.0,4,5000,/api/images/monsters/bone-devil.png,/api/2014/monsters/bone-devil,2025-05-04T02:15:02.223Z,,devil
52,brass-dragon-wyrmling,Brass Dragon Wyrmling,Medium,dragon,chaotic good,16,3d8,3d8+3,15,10,13,10,11,13,Draconic,1.0,2,100,/api/images/monsters/brass-dragon-wyrmling.png,/api/2014/monsters/brass-dragon-wyrmling,2025-05-04T02:15:02.223Z,,
53,bronze-dragon-wyrmling,Bronze Dragon Wyrmling,Medium,dragon,lawful good,32,5d8,5d8+10,17,10,15,12,11,15,Draconic,2.0,2,450,/api/images/monsters/bronze-dragon-wyrmling.png,/api/2014/monsters/bronze-dragon-wyrmling,2025-05-04T02:15:02.223Z,,
54,brown-bear,Brown Bear,Large,beast,unaligned,34,4d10,4d10+12,19,10,16,2,13,7,,1.0,2,200,/api/images/monsters/brown-bear.png,/api/2014/monsters/brown-bear,2025-05-04T02:15:02.223Z,,
55,bugbear,Bugbear,Medium,humanoid,chaotic evil,27,5d8,5d8+5,15,14,13,8,11,9,"Common, Goblin",1.0,2,200,/api/images/monsters/bugbear.png,/api/2014/monsters/bugbear,2025-05-04T02:15:02.223Z,,goblinoid
56,bulette,Bulette,Large,monstrosity,unaligned,94,9d10,9d10+45,19,11,21,2,10,5,,5.0,3,1800,/api/images/monsters/bulette.png,/api/2014/monsters/bulette,2025-05-04T02:15:02.223Z,,
57,camel,Camel,Large,beast,unaligned,15,2d10,2d10+4,16,8,14,2,8,5,,0.125,2,25,/api/images/monsters/camel.png,/api/2014/monsters/camel,2025-05-04T02:15:02.223Z,,
58,cat,Cat,Tiny,beast,unaligned,2,1d4,1d4,3,15,10,3,12,7,,0.0,2,10,/api/images/monsters/cat.png,/api/2014/monsters/cat,2025-05-04T02:15:02.223Z,,
59,centaur,Centaur,Large,monstrosity,neutral good,45,6d10,6d10+12,18,14,14,9,13,11,"Elvish, Sylvan",2.0,2,450,/api/images/monsters/centaur.png,/api/2014/monsters/centaur,2025-05-04T02:15:02.223Z,,
60,chain-devil,Chain Devil,Medium,fiend,lawful evil,85,10d8,10d8+40,18,15,18,11,12,14,"Infernal, telepathy 120 ft.",8.0,3,3900,/api/images/monsters/chain-devil.png,/api/2014/monsters/chain-devil,2025-05-04T02:15:02.223Z,,devil
61,chimera,Chimera,Large,monstrosity,chaotic evil,114,12d10,12d10+48,19,11,19,3,14,10,understands Draconic but can't speak,6.0,3,2300,/api/images/monsters/chimera.png,/api/2014/monsters/chimera,2025-05-04T02:15:02.223Z,,
62,chuul,Chuul,Large,aberration,chaotic evil,93,11d10,11d10+33,19,10,16,5,11,5,understands Deep Speech but can't speak,4.0,2,1100,/api/images/monsters/chuul.png,/api/2014/monsters/chuul,2025-05-04T02:15:02.223Z,,
63,clay-golem,Clay Golem,Large,construct,unaligned,133,14d10,14d10+56,20,9,18,3,8,1,understands the languages of its creator but can't speak,9.0,4,5000,/api/images/monsters/clay-golem.png,/api/2014/monsters/clay-golem,2025-05-04T02:15:02.223Z,,
64,cloaker,Cloaker,Large,aberration,chaotic neutral,78,12d10,12d10+12,17,15,12,13,12,14,"Deep Speech, Undercommon",8.0,3,3900,/api/images/monsters/cloaker.png,/api/2014/monsters/cloaker,2025-05-04T02:15:02.223Z,,
65,cloud-giant,Cloud Giant,Huge,giant,neutral good (50%) or neutral evil (50%),200,16d12,16d12+96,27,10,22,12,16,16,"Common, Giant",9.0,4,5000,/api/images/monsters/cloud-giant.png,/api/2014/monsters/cloud-giant,2025-05-04T02:15:02.223Z,,
66,cockatrice,Cockatrice,Small,monstrosity,unaligned,27,6d6,6d6+6,6,12,12,2,13,5,,0.5,2,100,/api/images/monsters/cockatrice.png,/api/2014/monsters/cockatrice,2025-05-04T02:15:02.223Z,,
67,commoner,Commoner,Medium,humanoid,any alignment,4,1d8,1d8,10,10,10,10,10,10,any one language (usually Common),0.0,2,10,/api/images/monsters/commoner.png,/api/2014/monsters/commoner,2025-05-04T02:15:02.223Z,"Commoners include peasants, serfs, slaves, servants, pilgrims, merchants, artisans, and hermits.",any race
68,constrictor-snake,Constrictor Snake,Large,beast,unaligned,13,2d10,2d10+2,15,14,12,1,10,3,,0.25,2,50,/api/images/monsters/constrictor-snake.png,/api/2014/monsters/constrictor-snake,2025-05-04T02:15:02.223Z,,
69,copper-dragon-wyrmling,Copper Dragon Wyrmling,Medium,dragon,chaotic good,22,4d8,4d8+4,15,12,13,14,11,13,Draconic,1.0,2,200,/api/images/monsters/copper-dragon-wyrmling.png,/api/2014/monsters/copper-dragon-wyrmling,2025-05-04T02:15:02.223Z,,
70,couatl,Couatl,Medium,celestial,lawful good,97,13d8,13d8+39,16,20,17,18,20,18,"all, telepathy 120 ft.",4.0,2,1100,/api/images/monsters/couatl.png,/api/2014/monsters/couatl,2025-05-04T02:15:02.223Z,,
71,crab,Crab,Tiny,beast,unaligned,2,1d4,1d4,2,11,10,1,8,2,,0.0,2,10,/api/images/monsters/crab.png,/api/2014/monsters/crab,2025-05-04T02:15:02.223Z,,
72,crocodile,Crocodile,Large,beast,unaligned,19,3d10,3d10+3,15,10,13,2,10,5,,0.5,2,100,/api/images/monsters/crocodile.png,/api/2014/monsters/crocodile,2025-05-04T02:15:02.223Z,,
73,cult-fanatic,Cult Fanatic,Medium,humanoid,any non-good alignment,22,6d8,6d8-5,11,14,12,10,13,14,any one language (usually Common),2.0,2,450,/api/images/monsters/cult-fanatic.png,/api/2014/monsters/cult-fanatic,2025-05-04T02:15:02.223Z,"Fanatics are often part of a cult’s leadership, using their charisma and dogma to influence and prey on those of weak will. Most are interested in personal power above all else.",any race
74,cultist,Cultist,Medium,humanoid,any non-good alignment,9,2d8,2d8,11,12,10,10,11,10,any one language (usually Common),0.125,2,25,/api/images/monsters/cultist.png,/api/2014/monsters/cultist,2025-05-04T02:15:02.223Z,"Cultists swear allegiance to dark powers such as elemental princes, demon lords, or archdevils. Most conceal their loyalties to avoid being ostracized, imprisoned, or executed for their beliefs. Unlike evil acolytes, cultists often show signs of insanity in their beliefs and practices.",any race
75,darkmantle,Darkmantle,Small,monstrosity,unaligned,22,5d6,5d6+5,16,12,13,2,10,5,,0.5,2,100,/api/images/monsters/darkmantle.png,/api/2014/monsters/darkmantle,2025-05-04T02:15:02.223Z,,
76,death-dog,Death Dog,Medium,monstrosity,neutral evil,39,6d8,6d8+12,15,14,14,3,13,6,,1.0,2,200,/api/images/monsters/death-dog.png,/api/2014/monsters/death-dog,2025-05-04T02:15:02.224Z,"A death dog is an ugly two-headed hound that roams plains, and deserts. Hate burns in a death dog’s heart, and a taste for humanoid flesh drives it to attack travelers and explorers. Death dog saliva carries a foul disease that causes a victim’s flesh to slowly rot off the bone.",
77,deep-gnome-svirfneblin,Deep Gnome (Svirfneblin),Small,humanoid,neutral good,16,3d6,3d6+6,15,14,14,12,10,9,"Gnomish, Terran, Undercommon",0.5,2,50,/api/images/monsters/deep-gnome-svirfneblin.png,/api/2014/monsters/deep-gnome-svirfneblin,2025-05-04T02:15:02.224Z,,gnome
78,deer,Deer,Medium,beast,unaligned,4,1d8,1d8,11,16,11,2,14,5,,0.0,2,10,/api/images/monsters/deer.png,/api/2014/monsters/deer,2025-05-04T02:15:02.224Z,,
79,deva,Deva,Medium,celestial,lawful good,136,16d8,16d8+64,18,18,18,17,20,20,"all, telepathy 120 ft.",10.0,4,5900,/api/images/monsters/deva.png,/api/2014/monsters/deva,2025-05-04T02:15:02.224Z,,
80,dire-wolf,Dire Wolf,Large,beast,unaligned,37,5d10,5d10+10,17,15,15,3,12,7,,1.0,2,200,/api/images/monsters/dire-wolf.png,/api/2014/monsters/dire-wolf,2025-05-04T02:15:02.224Z,,
81,djinni,Djinni,Large,elemental,chaotic good,161,14d10,14d10+84,21,15,22,15,16,20,Auran,11.0,4,7200,/api/images/monsters/djinni.png,/api/2014/monsters/djinni,2025-05-04T02:15:02.224Z,,
82,doppelganger,Doppelganger,Medium,monstrosity,unaligned,52,8d8,8d8+16,11,18,14,11,12,14,Common,3.0,2,700,/api/images/monsters/doppelganger.png,/api/2014/monsters/doppelganger,2025-05-04T02:15:02.224Z,,shapechanger
83,draft-horse,Draft Horse,Large,beast,unaligned,19,3d10,3d10+3,18,10,12,2,11,7,,0.25,2,50,/api/images/monsters/draft-horse.png,/api/2014/monsters/draft-horse,2025-05-04T02:15:02.224Z,,
84,dragon-turtle,Dragon Turtle,Gargantuan,dragon,neutral,341,22d20,22d20+110,25,10,20,10,12,12,"Aquan, Draconic",17.0,6,18000,/api/images/monsters/dragon-turtle.png,/api/2014/monsters/dragon-turtle,2025-05-04T02:15:02.224Z,,
85,dretch,Dretch,Small,fiend,chaotic evil,18,4d6,4d6+4,11,11,12,5,8,3,"Abyssal, telepathy 60 ft. (works only with creatures that understand Abyssal)",0.25,2,25,/api/images/monsters/dretch.png,/api/2014/monsters/dretch,2025-05-04T02:15:02.224Z,,demon
86,drider,Drider,Large,monstrosity,chaotic evil,123,13d10,13d10+52,16,16,18,13,14,12,"Elvish, Undercommon",6.0,3,2300,/api/images/monsters/drider.png,/api/2014/monsters/drider,2025-05-04T02:15:02.224Z,,
87,drow,Drow,Medium,humanoid,neutral evil,13,3d8,3d8,10,14,10,11,11,12,"Elvish, Undercommon",0.25,2,50,/api/images/monsters/drow.png,/api/2014/monsters/drow,2025-05-04T02:15:02.224Z,,elf
88,druid,Druid,Medium,humanoid,any alignment,27,5d8,5d8+5,10,12,13,12,15,11,Druidic plus any two languages,2.0,2,450,/api/images/monsters/druid.png,/api/2014/monsters/druid,2025-05-04T02:15:02.224Z,"**Druids** dwell in forests and other secluded wilderness locations, where they protect the natural world from monsters and the encroachment of civilization. Some are **tribal shamans** who heal the sick, pray to animal spirits, and provide spiritual guidance.",any race
89,dryad,Dryad,Medium,fey,neutral,22,5d8,5d8,10,12,11,14,15,18,"Elvish, Sylvan",1.0,2,200,/api/images/monsters/dryad.png,/api/2014/monsters/dryad,2025-05-04T02:15:02.224Z,,
90,duergar,Duergar,Medium,humanoid,lawful evil,26,4d8,4d8+8,14,11,14,11,10,9,"Dwarvish, Undercommon",1.0,2,200,/api/images/monsters/duergar.png,/api/2014/monsters/duergar,2025-05-04T02:15:02.224Z,,dwarf
91,dust-mephit,Dust Mephit,Small,elemental,neutral evil,17,5d6,5d6,5,14,10,9,11,10,"Auran, Terran",0.5,2,100,/api/images/monsters/dust-mephit.png,/api/2014/monsters/dust-mephit,2025-05-04T02:15:02.224Z,,
92,eagle,Eagle,Small,beast,unaligned,3,1d6,1d6,6,15,10,2,14,7,,0.0,2,10,/api/images/monsters/eagle.png,/api/2014/monsters/eagle,2025-05-04T02:15:02.224Z,,
93,earth-elemental,Earth Elemental,Large,elemental,neutral,126,12d10,12d10+60,20,8,20,5,10,5,Terran,5.0,3,1800,/api/images/monsters/earth-elemental.png,/api/2014/monsters/earth-elemental,2025-05-04T02:15:02.224Z,,
94,efreeti,Efreeti,Large,elemental,lawful evil,200,16d10,16d10+112,22,12,24,16,15,16,Ignan,11.0,4,7200,/api/images/monsters/efreeti.png,/api/2014/monsters/efreeti,2025-05-04T02:15:02.224Z,,
95,elephant,Elephant,Huge,beast,unaligned,76,8d12,8d12+24,22,9,17,3,11,6,,4.0,2,1100,/api/images/monsters/elephant.png,/api/2014/monsters/elephant,2025-05-04T02:15:02.224Z,,
96,elk,Elk,Large,beast,unaligned,13,2d10,2d10+2,16,10,12,2,10,6,,0.25,2,50,/api/images/monsters/elk.png,/api/2014/monsters/elk,2025-05-04T02:15:02.224Z,,
97,erinyes,Erinyes,Medium,fiend,lawful evil,153,18d8,18d8+72,18,16,18,14,14,18,"Infernal, telepathy 120 ft.",12.0,4,8400,/api/images/monsters/erinyes.png,/api/2014/monsters/erinyes,2025-05-04T02:15:02.224Z,,devil
98,ettercap,Ettercap,Medium,monstrosity,neutral evil,44,8d8,8d8+8,14,15,13,7,12,8,,2.0,2,450,/api/images/monsters/ettercap.png,/api/2014/monsters/ettercap,2025-05-04T02:15:02.225Z,,
99,ettin,Ettin,Large,giant,chaotic evil,85,10d10,10d10+30,21,8,17,6,10,8,"Giant, Orc",4.0,2,1100,/api/images/monsters/ettin.png,/api/2014/monsters/ettin,2025-05-04T02:15:02.225Z,,
100,fire-elemental,Fire Elemental,Large,elemental,neutral,102,12d10,12d10+36,10,17,16,6,10,7,Ignan,5.0,3,1800,/api/images/monsters/fire-elemental.png,/api/2014/monsters/fire-elemental,2025-05-04T02:15:02.225Z,,
101,fire-giant,Fire Giant,Huge,giant,lawful evil,162,13d12,13d12+78,25,9,23,10,14,13,Giant,9.0,4,5000,/api/images/monsters/fire-giant.png,/api/2014/monsters/fire-giant,2025-05-04T02:15:02.225Z,,
102,flesh-golem,Flesh Golem,Medium,construct,neutral,93,11d8,11d8+44,19,9,18,6,10,5,understands the languages of its creator but can't speak,5.0,3,1800,/api/images/monsters/flesh-golem.png,/api/2014/monsters/flesh-golem,2025-05-04T02:15:02.225Z,,
103,flying-snake,Flying Snake,Tiny,beast,unaligned,5,2d4,2d4,4,18,11,2,12,5,,0.125,2,25,/api/images/monsters/flying-snake.png,/api/2014/monsters/flying-snake,2025-05-04T02:15:02.225Z,"A flying snake is a brightly colored, winged serpent found in remote jungles. Tribespeople and cultists sometimes domesticate flying snakes to serve as messengers that deliver scrolls wrapped in their coils.",
104,flying-sword,Flying Sword,Small,construct,unaligned,17,5d6,5d6,12,15,11,1,5,1,,0.25,2,50,/api/images/monsters/flying-sword.png,/api/2014/monsters/flying-sword,2025-05-04T02:15:02.225Z,,
105,frog,Frog,Tiny,beast,unaligned,1,1d4,1d4-1,1,13,8,1,8,3,,0.0,2,0,/api/images/monsters/frog.png,/api/2014/monsters/frog,2025-05-04T02:15:02.225Z,"A frog has no effective attacks. It feeds on small insects and typically dwells near water, in trees, or underground. The frog’s statistics can also be used to represent a toad.",
106,frost-giant,Frost Giant,Huge,giant,neutral evil,138,12d12,12d12+60,23,9,21,9,10,12,Giant,8.0,3,3900,/api/images/monsters/frost-giant.png,/api/2014/monsters/frost-giant,2025-05-04T02:15:02.225Z,,
107,gargoyle,Gargoyle,Medium,elemental,chaotic evil,52,7d8,7d8+21,15,11,16,6,11,7,Terran,2.0,2,450,/api/images/monsters/gargoyle.png,/api/2014/monsters/gargoyle,2025-05-04T02:15:02.225Z,,
108,gelatinous-cube,Gelatinous Cube,Large,ooze,unaligned,84,8d10,8d10+40,14,3,20,1,6,1,,2.0,2,450,/api/images/monsters/gelatinous-cube.png,/api/2014/monsters/gelatinous-cube,2025-05-04T02:15:02.225Z,,
109,ghast,Ghast,Medium,undead,chaotic evil,36,8d8,8d8,16,17,10,11,10,8,Common,2.0,2,450,/api/images/monsters/ghast.png,/api/2014/monsters/ghast,2025-05-04T02:15:02.225Z,,
110,ghost,Ghost,Medium,undead,any alignment,45,10d8,10d8,7,13,10,10,12,17,any languages it knew in life,4.0,2,1100,/api/images/monsters/ghost.png,/api/2014/monsters/ghost,2025-05-04T02:15:02.225Z,,
111,ghoul,Ghoul,Medium,undead,chaotic evil,22,5d8,5d8,13,15,10,7,10,6,Common,1.0,2,200,/api/images/monsters/ghoul.png,/api/2014/monsters/ghoul,2025-05-04T02:15:02.225Z,,
112,giant-ape,Giant Ape,Huge,beast,unaligned,157,15d12,15d12+60,23,14,18,7,12,7,,7.0,3,2900,/api/images/monsters/giant-ape.png,/api/2014/monsters/giant-ape,2025-05-04T02:15:02.225Z,,
113,giant-badger,Giant Badger,Medium,beast,unaligned,13,2d8,2d8+4,13,10,15,2,12,5,,0.25,2,50,/api/images/monsters/giant-badger.png,/api/2014/monsters/giant-badger,2025-05-04T02:15:02.225Z,,
114,giant-bat,Giant Bat,Large,beast,unaligned,22,4d10,4d10,15,16,11,2,12,6,,0.25,2,50,/api/images/monsters/giant-bat.png,/api/2014/monsters/giant-bat,2025-05-04T02:15:02.225Z,,
115,giant-boar,Giant Boar,Large,beast,unaligned,42,5d10,5d10+15,17,10,16,2,7,5,,2.0,2,450,/api/images/monsters/giant-boar.png,/api/2014/monsters/giant-boar,2025-05-04T02:15:02.225Z,,
116,giant-centipede,Giant Centipede,Small,beast,unaligned,4,1d6,1d6+1,5,14,12,1,7,3,,0.25,2,50,/api/images/monsters/giant-centipede.png,/api/2014/monsters/giant-centipede,2025-05-04T02:15:02.225Z,,
117,giant-constrictor-snake,Giant Constrictor Snake,Huge,beast,unaligned,60,8d12,8d12+8,19,14,12,1,10,3,,2.0,2,450,/api/images/monsters/giant-constrictor-snake.png,/api/2014/monsters/giant-constrictor-snake,2025-05-04T02:15:02.225Z,,
118,giant-crab,Giant Crab,Medium,beast,unaligned,13,3d8,3d8,13,15,11,1,9,3,,0.125,2,25,/api/images/monsters/giant-crab.png,/api/2014/monsters/giant-crab,2025-05-04T02:15:02.225Z,,
119,giant-crocodile,Giant Crocodile,Huge,beast,unaligned,85,9d12,9d12+27,21,9,17,2,10,7,,5.0,3,1800,/api/images/monsters/giant-crocodile.png,/api/2014/monsters/giant-crocodile,2025-05-04T02:15:02.225Z,,
120,giant-eagle,Giant Eagle,Large,beast,neutral good,26,4d10,4d10+4,16,17,13,8,14,10,"Giant Eagle, understands Common and Auran but can't speak",1.0,2,200,/api/images/monsters/giant-eagle.png,/api/2014/monsters/giant-eagle,2025-05-04T02:15:02.225Z,A giant eagle is a noble creature that speaks its own language and understands speech in the Common tongue. A mated pair of giant eagles typically has up to four eggs or young in their nest (treat the young as normal eagles).,
121,giant-elk,Giant Elk,Huge,beast,unaligned,42,5d12,5d12+10,19,16,14,7,14,10,"Giant Elk, understands Common, Elvish, and Sylvan but can't speak",2.0,2,450,/api/images/monsters/giant-elk.png,/api/2014/monsters/giant-elk,2025-05-04T02:15:02.225Z,"The majestic giant elk is rare to the point that its appearance is often taken as a foreshadowing of an important event, such as the birth of a king. Legends tell of gods that take the form of giant elk when visiting the Material Plane. Many cultures therefore believe that to hunt these creatures is to invite divine wrath.",
122,giant-fire-beetle,Giant Fire Beetle,Small,beast,unaligned,4,1d6,1d6+1,8,10,12,1,7,3,,0.0,2,10,/api/images/monsters/giant-fire-beetle.png,/api/2014/monsters/giant-fire-beetle,2025-05-04T02:15:02.225Z,"A giant fire beetle is a nocturnal creature that takes its name from a pair of glowing glands that give off light. Miners and adventurers prize these creatures, for a giant fire beetle’s glands continue to shed light for 1d6 days after the beetle dies. Giant fire beetles are most commonly found underground and in dark forests.",
123,giant-frog,Giant Frog,Medium,beast,unaligned,18,4d8,4d8,12,13,11,2,10,3,,0.25,2,50,/api/images/monsters/giant-frog.png,/api/2014/monsters/giant-frog,2025-05-04T02:15:02.225Z,,
124,giant-goat,Giant Goat,Large,beast,unaligned,19,3d10,3d10+3,17,11,12,3,12,6,,0.5,2,100,/api/images/monsters/giant-goat.png,/api/2014/monsters/giant-goat,2025-05-04T02:15:02.225Z,,
125,giant-hyena,Giant Hyena,Large,beast,unaligned,45,6d10,6d10+12,16,14,14,2,12,7,,1.0,2,200,/api/images/monsters/giant-hyena.png,/api/2014/monsters/giant-hyena,2025-05-04T02:15:02.225Z,,
126,giant-lizard,Giant Lizard,Large,beast,unaligned,19,3d10,3d10+3,15,12,13,2,10,5,,0.25,2,50,/api/images/monsters/giant-lizard.png,/api/2014/monsters/giant-lizard,2025-05-04T02:15:02.225Z,"A giant lizard can be ridden or used as a draft animal. Lizardfolk also keep them as pets, and subterranean giant lizards are used as mounts and pack animals by drow, duergar, and others.",
127,giant-octopus,Giant Octopus,Large,beast,unaligned,52,8d10,8d10+8,17,13,13,4,10,4,,1.0,2,200,/api/images/monsters/giant-octopus.png,/api/2014/monsters/giant-octopus,2025-05-04T02:15:02.225Z,,
128,giant-owl,Giant Owl,Large,beast,neutral,19,3d10,3d10+3,13,15,12,8,13,10,"Giant Owl, understands Common, Elvish, and Sylvan but can't speak",0.25,2,50,/api/images/monsters/giant-owl.png,/api/2014/monsters/giant-owl,2025-05-04T02:15:02.225Z,,
129,giant-poisonous-snake,Giant Poisonous Snake,Medium,beast,unaligned,11,2d8,2d8+2,10,18,13,2,10,3,,0.25,2,50,/api/images/monsters/giant-poisonous-snake.png,/api/2014/monsters/giant-poisonous-snake,2025-05-04T02:15:02.225Z,,
130,giant-rat,Giant Rat,Small,beast,unaligned,7,2d6,2d6,7,15,11,2,10,4,,0.125,2,25,/api/images/monsters/giant-rat.png,/api/2014/monsters/giant-rat,2025-05-04T02:15:02.225Z,,
131,giant-rat-diseased,Giant Rat (Diseased),Small,beast,unaligned,7,2d6,2d6,7,15,11,2,10,4,,0.125,2,25,/api/images/monsters/giant-rat-diseased.png,/api/2014/monsters/giant-rat-diseased,2025-05-04T02:15:02.225Z,,
132,giant-scorpion,Giant Scorpion,Large,beast,unaligned,52,7d10,7d10+14,15,13,15,1,9,3,,3.0,2,700,/api/images/monsters/giant-scorpion.png,/api/2014/monsters/giant-scorpion,2025-05-04T02:15:02.226Z,,
133,giant-sea-horse,Giant Sea Horse,Large,beast,unaligned,16,3d10,3d10,12,15,11,2,12,5,,0.5,2,100,/api/images/monsters/giant-sea-horse.png,/api/2014/monsters/giant-sea-horse,2025-05-04T02:15:02.226Z,"Like their smaller kin, giant sea horses are shy, colorful fish with elongated bodies and curled tails. Aquatic elves train them as mounts.",
134,giant-shark,Giant Shark,Huge,beast,unaligned,126,11d12,11d12+55,23,11,21,1,10,5,,5.0,3,1800,/api/images/monsters/giant-shark.png,/api/2014/monsters/giant-shark,2025-05-04T02:15:02.226Z,"A giant shark is 30 feet long and normally found in deep oceans. Utterly fearless, it preys on anything that crosses its path, including whales and ships.",
135,giant-spider,Giant Spider,Large,beast,unaligned,26,4d10,4d10+4,14,16,12,2,11,4,,1.0,2,200,/api/images/monsters/giant-spider.png,/api/2014/monsters/giant-spider,2025-05-04T02:15:02.226Z,"To snare its prey, a giant spider spins elaborate webs or shoots sticky strands of webbing from its abdomen. Giant spiders are most commonly found underground, making their lairs on ceilings or in dark, web-filled crevices. Such lairs are often festooned with web cocoons holding past victims.",
136,giant-toad,Giant Toad,Large,beast,unaligned,39,6d10,6d10+6,15,13,13,2,10,3,,1.0,2,200,/api/images/monsters/giant-toad.png,/api/2014/monsters/giant-toad,2025-05-04T02:15:02.226Z,,
137,giant-vulture,Giant Vulture,Large,beast,neutral evil,22,3d10,3d10+6,15,10,15,6,12,7,understands Common but can't speak,1.0,2,200,/api/images/monsters/giant-vulture.png,/api/2014/monsters/giant-vulture,2025-05-04T02:15:02.226Z,"A giant vulture has advanced intelligence and a malevolent bent. Unlike its smaller kin, it will attack a wounded creature to hasten its end. Giant vultures have been known to haunt a thirsty, starving creature for days to enjoy its suffering.",
138,giant-wasp,Giant Wasp,Medium,beast,unaligned,13,3d8,3d8,10,14,10,1,10,3,,0.5,2,100,/api/images/monsters/giant-wasp.png,/api/2014/monsters/giant-wasp,2025-05-04T02:15:02.226Z,,
139,giant-weasel,Giant Weasel,Medium,beast,unaligned,9,2d8,2d8,11,16,10,4,12,5,,0.125,2,25,/api/images/monsters/giant-weasel.png,/api/2014/monsters/giant-weasel,2025-05-04T02:15:02.226Z,,
140,giant-wolf-spider,Giant Wolf Spider,Medium,beast,unaligned,11,2d8,2d8+2,12,16,13,3,12,4,,0.25,2,50,/api/images/monsters/giant-wolf-spider.png,/api/2014/monsters/giant-wolf-spider,2025-05-04T02:15:02.226Z,"Smaller than a giant spider, a giant wolf spider hunts prey across open ground or hides in a burrow or crevice, or in a hidden cavity beneath debris.",
141,gibbering-mouther,Gibbering Mouther,Medium,aberration,neutral,67,9d8,9d8+27,10,8,16,3,10,6,,2.0,2,450,/api/images/monsters/gibbering-mouther.png,/api/2014/monsters/gibbering-mouther,2025-05-04T02:15:02.226Z,,
142,glabrezu,Glabrezu,Large,fiend,chaotic evil,157,15d10,15d10+75,20,15,21,19,17,16,"Abyssal, telepathy 120 ft.",9.0,4,5000,/api/images/monsters/glabrezu.png,/api/2014/monsters/glabrezu,2025-05-04T02:15:02.226Z,,demon
143,gladiator,Gladiator,Medium,humanoid,any alignment,112,15d8,15d8+45,18,15,16,10,12,15,any one language (usually Common),5.0,3,1800,/api/images/monsters/gladiator.png,/api/2014/monsters/gladiator,2025-05-04T02:15:02.226Z,"Gladiators battle for the entertainment of raucous crowds. Some gladiators are brutal pit fighters who treat each match as a life-or-death struggle, while others are professional duelists who command huge fees but rarely fight to the death.",any race
144,gnoll,Gnoll,Medium,humanoid,chaotic evil,22,5d8,5d8,14,12,11,6,10,7,Gnoll,0.5,2,100,/api/images/monsters/gnoll.png,/api/2014/monsters/gnoll,2025-05-04T02:15:02.226Z,,gnoll
145,goat,Goat,Medium,beast,unaligned,4,1d8,1d8,12,10,11,2,10,5,,0.0,2,10,/api/images/monsters/goat.png,/api/2014/monsters/goat,2025-05-04T02:15:02.228Z,,
146,goblin,Goblin,Small,humanoid,neutral evil,7,2d6,2d6,8,14,10,10,8,8,"Common, Goblin",0.25,2,50,/api/images/monsters/goblin.png,/api/2014/monsters/goblin,2025-05-04T02:15:02.228Z,,goblinoid
147,gold-dragon-wyrmling,Gold Dragon Wyrmling,Medium,dragon,lawful good,60,8d8,8d8+24,19,14,17,14,11,16,Draconic,3.0,2,700,/api/images/monsters/gold-dragon-wyrmling.png,/api/2014/monsters/gold-dragon-wyrmling,2025-05-04T02:15:02.228Z,,
148,gorgon,Gorgon,Large,monstrosity,unaligned,114,12d10,12d10+48,20,11,18,2,12,7,,5.0,3,1800,/api/images/monsters/gorgon.png,/api/2014/monsters/gorgon,2025-05-04T02:15:02.228Z,,
149,gray-ooze,Gray Ooze,Medium,ooze,unaligned,22,3d8,3d8+9,12,6,16,1,6,2,,0.5,2,100,/api/images/monsters/gray-ooze.png,/api/2014/monsters/gray-ooze,2025-05-04T02:15:02.228Z,,
150,green-dragon-wyrmling,Green Dragon Wyrmling,Medium,dragon,lawful evil,38,7d8,7d8+7,15,12,13,14,11,13,Draconic,2.0,2,450,/api/images/monsters/green-dragon-wyrmling.png,/api/2014/monsters/green-dragon-wyrmling,2025-05-04T02:15:02.228Z,,
151,green-hag,Green Hag,Medium,fey,neutral evil,82,11d8,11d8+33,18,12,16,13,14,14,"Common, Draconic, Sylvan",3.0,2,700,/api/images/monsters/green-hag.png,/api/2014/monsters/green-hag,2025-05-04T02:15:02.228Z,,
152,grick,Grick,Medium,monstrosity,neutral,27,6d8,6d8,14,14,11,3,14,5,,2.0,2,450,/api/images/monsters/grick.png,/api/2014/monsters/grick,2025-05-04T02:15:02.228Z,,
153,griffon,Griffon,Large,monstrosity,unaligned,59,7d10,7d10+21,18,15,16,2,13,8,,2.0,2,450,/api/images/monsters/griffon.png,/api/2014/monsters/griffon,2025-05-04T02:15:02.228Z,,
154,grimlock,Grimlock,Medium,humanoid,neutral evil,11,2d8,2d8+2,16,12,12,9,8,6,Undercommon,0.25,2,50,/api/images/monsters/grimlock.png,/api/2014/monsters/grimlock,2025-05-04T02:15:02.228Z,,grimlock
155,guard,Guard,Medium,humanoid,any alignment,11,2d8,2d8+2,13,12,12,10,11,10,any one language (usually Common),0.125,2,25,/api/images/monsters/guard.png,/api/2014/monsters/guard,2025-05-04T02:15:02.228Z,"Guards include members of a city watch, sentries in a citadel or fortified town, and the bodyguards of merchants and nobles.",any race
156,guardian-naga,Guardian Naga,Large,monstrosity,lawful good,127,15d10,15d10+45,19,18,16,16,19,18,"Celestial, Common",10.0,4,5900,/api/images/monsters/guardian-naga.png,/api/2014/monsters/guardian-naga,2025-05-04T02:15:02.228Z,,
157,gynosphinx,Gynosphinx,Large,monstrosity,lawful neutral,136,16d10,16d10+48,18,15,16,18,18,18,"Common, Sphinx",11.0,4,7200,/api/images/monsters/gynosphinx.png,/api/2014/monsters/gynosphinx,2025-05-04T02:15:02.228Z,,
158,half-red-dragon-veteran,Half-Red Dragon Veteran,Medium,humanoid,any alignment,65,10d8,10d8+20,16,13,14,10,11,10,"Common, Draconic",5.0,3,1800,/api/images/monsters/half-red-dragon-veteran.png,/api/2014/monsters/half-red-dragon-veteran,2025-05-04T02:15:02.228Z,,human
159,harpy,Harpy,Medium,monstrosity,chaotic evil,38,7d8,7d8+7,12,13,12,7,10,13,Common,1.0,2,200,/api/images/monsters/harpy.png,/api/2014/monsters/harpy,2025-05-04T02:15:02.228Z,,
160,hawk,Hawk,Tiny,beast,unaligned,1,1d4,1d4-1,5,16,8,2,14,6,,0.0,2,10,/api/images/monsters/hawk.png,/api/2014/monsters/hawk,2025-05-04T02:15:02.228Z,,
161,hell-hound,Hell Hound,Medium,fiend,lawful evil,45,7d8,7d8+14,17,12,14,6,13,6,understands Infernal but can't speak it,3.0,2,700,/api/images/monsters/hell-hound.png,/api/2014/monsters/hell-hound,2025-05-04T02:15:02.228Z,,
162,hezrou,Hezrou,Large,fiend,chaotic evil,136,13d10,13d10+65,19,17,20,5,12,13,"Abyssal, telepathy 120 ft.",8.0,3,3900,/api/images/monsters/hezrou.png,/api/2014/monsters/hezrou,2025-05-04T02:15:02.228Z,,demon
163,hill-giant,Hill Giant,Huge,giant,chaotic evil,105,10d12,10d12+40,21,8,19,5,9,6,Giant,5.0,3,1800,/api/images/monsters/hill-giant.png,/api/2014/monsters/hill-giant,2025-05-04T02:15:02.228Z,,
164,hippogriff,Hippogriff,Large,monstrosity,unaligned,19,3d10,3d10+3,17,13,13,2,12,8,,1.0,2,200,/api/images/monsters/hippogriff.png,/api/2014/monsters/hippogriff,2025-05-04T02:15:02.228Z,,
165,hobgoblin,Hobgoblin,Medium,humanoid,lawful evil,11,2d8,2d8+2,13,12,12,10,10,9,"Common, Goblin",0.5,2,100,/api/images/monsters/hobgoblin.png,/api/2014/monsters/hobgoblin,2025-05-04T02:15:02.228Z,,goblinoid
166,homunculus,Homunculus,Tiny,construct,neutral,5,2d4,2d4,4,15,11,10,10,7,understands the languages of its creator but can't speak,0.0,2,10,/api/images/monsters/homunculus.png,/api/2014/monsters/homunculus,2025-05-04T02:15:02.228Z,,
167,horned-devil,Horned Devil,Large,fiend,lawful evil,178,17d10,17d10+85,22,17,21,12,16,17,"Infernal, telepathy 120 ft.",11.0,4,7200,/api/images/monsters/horned-devil.png,/api/2014/monsters/horned-devil,2025-05-04T02:15:02.228Z,,devil
168,hunter-shark,Hunter Shark,Large,beast,unaligned,45,6d10,6d10+12,18,13,15,1,10,4,,2.0,2,450,/api/images/monsters/hunter-shark.png,/api/2014/monsters/hunter-shark,2025-05-04T02:15:02.228Z,"Smaller than a giant shark but larger and fiercer than a reef shark, a hunter shark haunts deep waters. It usually hunts alone, but multiple hunter sharks might feed in the same area. A fully grown hunter shark is 15 to 20 feet long.",
169,hydra,Hydra,Huge,monstrosity,unaligned,172,15d12,15d12+75,20,12,20,2,10,7,,8.0,3,3900,/api/images/monsters/hydra.png,/api/2014/monsters/hydra,2025-05-04T02:15:02.229Z,,
170,hyena,Hyena,Medium,beast,unaligned,5,1d8,1d8+1,11,13,12,2,12,5,,0.0,2,10,/api/images/monsters/hyena.png,/api/2014/monsters/hyena,2025-05-04T02:15:02.229Z,,
171,ice-devil,Ice Devil,Large,fiend,lawful evil,180,19d10,19d10+76,21,14,18,18,15,18,"Infernal, telepathy 120 ft.",14.0,5,11500,/api/images/monsters/ice-devil.png,/api/2014/monsters/ice-devil,2025-05-04T02:15:02.229Z,,devil
172,ice-mephit,Ice Mephit,Small,elemental,neutral evil,21,6d6,6d6,7,13,10,9,11,12,"Aquan, Auran",0.5,2,100,/api/images/monsters/ice-mephit.png,/api/2014/monsters/ice-mephit,2025-05-04T02:15:02.229Z,,
173,imp,Imp,Tiny,fiend,lawful evil,10,3d4,3d4+3,6,17,13,11,12,14,"Infernal, Common",1.0,2,200,/api/images/monsters/imp.png,/api/2014/monsters/imp,2025-05-04T02:15:02.229Z,,devil
174,invisible-stalker,Invisible Stalker,Medium,elemental,neutral,104,16d8,16d8+32,16,19,14,10,15,11,"Auran, understands Common but doesn't speak it",6.0,3,2300,/api/images/monsters/invisible-stalker.png,/api/2014/monsters/invisible-stalker,2025-05-04T02:15:02.229Z,,
175,iron-golem,Iron Golem,Large,construct,unaligned,210,20d10,20d10+100,24,9,20,3,11,1,understands the languages of its creator but can't speak,16.0,5,15000,/api/images/monsters/iron-golem.png,/api/2014/monsters/iron-golem,2025-05-04T02:15:02.229Z,,
176,jackal,Jackal,Small,beast,unaligned,3,1d6,1d6,8,15,11,3,12,6,,0.0,2,10,/api/images/monsters/jackal.png,/api/2014/monsters/jackal,2025-05-04T02:15:02.229Z,,
177,killer-whale,Killer Whale,Huge,beast,unaligned,90,12d12,12d12+12,19,10,13,3,12,7,,3.0,2,700,/api/images/monsters/killer-whale.png,/api/2014/monsters/killer-whale,2025-05-04T02:15:02.229Z,,
178,knight,Knight,Medium,humanoid,any alignment,52,8d8,8d8+16,16,11,14,11,11,15,any one language (usually Common),3.0,2,700,/api/images/monsters/knight.png,/api/2014/monsters/knight,2025-05-04T02:15:02.229Z,"Knights are warriors who pledge service to rulers, religious orders, and noble causes. A knight’s alignment determines the extent to which a pledge is honored. Whether undertaking a quest or patrolling a realm, a knight often travels with an entourage that includes squires and hirelings who are commoners.",any race
179,kobold,Kobold,Small,humanoid,lawful evil,5,2d6,2d6-2,7,15,9,8,7,8,"Common, Draconic",0.125,2,25,/api/images/monsters/kobold.png,/api/2014/monsters/kobold,2025-05-04T02:15:02.229Z,,kobold
180,kraken,Kraken,Gargantuan,monstrosity,chaotic evil,472,27d20,27d20+189,30,11,25,22,18,20,"understands Abyssal, Celestial, Infernal, and Primordial but can't speak, telepathy 120 ft.",23.0,7,50000,/api/images/monsters/kraken.png,/api/2014/monsters/kraken,2025-05-04T02:15:02.229Z,,titan
181,lamia,Lamia,Large,monstrosity,chaotic evil,97,13d10,13d10+26,16,13,15,14,15,16,"Abyssal, Common",4.0,2,1100,/api/images/monsters/lamia.png,/api/2014/monsters/lamia,2025-05-04T02:15:02.229Z,,
182,lemure,Lemure,Medium,fiend,lawful evil,13,3d8,3d8,10,5,11,1,11,3,understands infernal but can't speak,0.0,2,10,/api/images/monsters/lemure.png,/api/2014/monsters/lemure,2025-05-04T02:15:02.229Z,,devil
183,lich,Lich,Medium,undead,any evil alignment,135,18d8,18d8+54,11,16,16,20,14,16,Common plus up to five other languages,21.0,7,33000,/api/images/monsters/lich.png,/api/2014/monsters/lich,2025-05-04T02:15:02.229Z,,
184,lion,Lion,Large,beast,unaligned,26,4d10,4d10+4,17,15,13,3,12,8,,1.0,2,200,/api/images/monsters/lion.png,/api/2014/monsters/lion,2025-05-04T02:15:02.229Z,,
185,lizard,Lizard,Tiny,beast,unaligned,2,1d4,1d4,2,11,10,1,8,3,,0.0,2,10,/api/images/monsters/lizard.png,/api/2014/monsters/lizard,2025-05-04T02:15:02.229Z,,
186,lizardfolk,Lizardfolk,Medium,humanoid,neutral,22,4d8,4d8+4,15,10,13,7,12,7,Draconic,0.5,2,100,/api/images/monsters/lizardfolk.png,/api/2014/monsters/lizardfolk,2025-05-04T02:15:02.229Z,,lizardfolk
187,mage,Mage,Medium,humanoid,any alignment,40,9d8,9d8,9,14,11,17,12,11,any four languages,6.0,3,2300,/api/images/monsters/mage.png,/api/2014/monsters/mage,2025-05-04T02:15:02.229Z,"Mages spend their lives in the study and practice of magic. Good-aligned mages offer counsel to nobles and others in power, while evil mages dwell in isolated sites to perform unspeakable experiments without interference.",any race
188,magma-mephit,Magma Mephit,Small,elemental,neutral evil,22,5d6,5d6+5,8,12,12,7,10,10,"Ignan, Terran",0.5,2,100,/api/images/monsters/magma-mephit.png,/api/2014/monsters/magma-mephit,2025-05-04T02:15:02.229Z,,
189,magmin,Magmin,Small,elemental,chaotic neutral,9,2d6,2d6+2,7,15,12,8,11,10,Ignan,0.5,2,100,/api/images/monsters/magmin.png,/api/2014/monsters/magmin,2025-05-04T02:15:02.229Z,,
190,mammoth,Mammoth,Huge,beast,unaligned,126,11d12,11d12+55,24,9,21,3,11,6,,6.0,3,2300,/api/images/monsters/mammoth.png,/api/2014/monsters/mammoth,2025-05-04T02:15:02.229Z,"A mammoth is an elephantine creature with thick fur and long tusks. Stockier and fiercer than normal elephants, mammoths inhabit a wide range of climes, from subarctic to subtropical.",
191,manticore,Manticore,Large,monstrosity,lawful evil,68,8d10,8d10+24,17,16,17,7,12,8,,3.0,2,700,/api/images/monsters/manticore.png,/api/2014/monsters/manticore,2025-05-04T02:15:02.229Z,,
192,marilith,Marilith,Large,fiend,chaotic evil,189,18d10,18d10+90,18,20,20,18,16,20,"Abyssal, telepathy 120 ft.",16.0,5,15000,/api/images/monsters/marilith.png,/api/2014/monsters/marilith,2025-05-04T02:15:02.229Z,,demon
193,mastiff,Mastiff,Medium,beast,unaligned,5,1d8,1d8+1,13,14,12,3,12,7,,0.125,2,25,/api/images/monsters/mastiff.png,/api/2014/monsters/mastiff,2025-05-04T02:15:02.229Z,"Mastiffs are impressive hounds prized by humanoids for their loyalty and keen senses. Mastiffs can be trained as guard dogs, hunting dogs, and war dogs. Halflings and other Small humanoids ride them as mounts.",
194,medusa,Medusa,Medium,monstrosity,lawful evil,127,17d8,17d8+51,10,15,16,12,13,15,Common,6.0,3,2300,/api/images/monsters/medusa.png,/api/2014/monsters/medusa,2025-05-04T02:15:02.229Z,,
195,merfolk,Merfolk,Medium,humanoid,neutral,11,2d8,2d8+2,10,13,12,11,11,12,"Aquan, Common",0.125,2,25,/api/images/monsters/merfolk.png,/api/2014/monsters/merfolk,2025-05-04T02:15:02.229Z,,merfolk
196,merrow,Merrow,Large,monstrosity,chaotic evil,45,6d10,6d10+12,18,10,15,8,10,9,"Abyssal, Aquan",2.0,2,450,/api/images/monsters/merrow.png,/api/2014/monsters/merrow,2025-05-04T02:15:02.229Z,,
197,mimic,Mimic,Medium,monstrosity,neutral,58,9d8,9d8+18,17,12,15,5,13,8,,2.0,2,450,/api/images/monsters/mimic.png,/api/2014/monsters/mimic,2025-05-04T02:15:02.229Z,,shapechanger
198,minotaur,Minotaur,Large,monstrosity,chaotic evil,76,9d10,9d10+27,18,11,16,6,16,9,Abyssal,3.0,2,700,/api/images/monsters/minotaur.png,/api/2014/monsters/minotaur,2025-05-04T02:15:02.229Z,,
199,minotaur-skeleton,Minotaur Skeleton,Large,undead,lawful evil,67,9d10,9d10+18,18,11,15,6,8,5,understands Abyssal but can't speak,2.0,2,450,/api/images/monsters/minotaur-skeleton.png,/api/2014/monsters/minotaur-skeleton,2025-05-04T02:15:02.229Z,,
200,mule,Mule,Medium,beast,unaligned,11,2d8,2d8+2,14,10,13,2,10,5,,0.125,2,25,/api/images/monsters/mule.png,/api/2014/monsters/mule,2025-05-04T02:15:02.229Z,,
201,mummy,Mummy,Medium,undead,lawful evil,58,9d8,9d8+18,16,8,15,6,10,12,the languages it knew in life,3.0,2,700,/api/images/monsters/mummy.png,/api/2014/monsters/mummy,2025-05-04T02:15:02.229Z,,
202,mummy-lord,Mummy Lord,Medium,undead,lawful evil,97,13d8,13d8+39,18,10,17,11,18,16,the languages it knew in life,15.0,5,13000,/api/images/monsters/mummy-lord.png,/api/2014/monsters/mummy-lord,2025-05-04T02:15:02.229Z,,
203,nalfeshnee,Nalfeshnee,Large,fiend,chaotic evil,184,16d10,16d10+96,21,10,22,19,12,15,"Abyssal, telepathy 120 ft.",13.0,5,10000,/api/images/monsters/nalfeshnee.png,/api/2014/monsters/nalfeshnee,2025-05-04T02:15:02.229Z,,demon
204,night-hag,Night Hag,Medium,fiend,neutral evil,112,15d8,15d8+45,18,15,16,16,14,16,"Abyssal, Common, Infernal, Primordial",5.0,3,1800,/api/images/monsters/night-hag.png,/api/2014/monsters/night-hag,2025-05-04T02:15:02.229Z,,
205,nightmare,Nightmare,Large,fiend,neutral evil,68,8d10,8d10+24,18,15,16,10,13,15,"understands Abyssal, Common, and Infernal but can't speak",3.0,2,700,/api/images/monsters/nightmare.png,/api/2014/monsters/nightmare,2025-05-04T02:15:02.229Z,,
206,noble,Noble,Medium,humanoid,any alignment,9,2d8,2d8,11,12,11,12,14,16,any two languages,0.125,2,25,/api/images/monsters/noble.png,/api/2014/monsters/noble,2025-05-04T02:15:02.229Z,"**Nobles** wield great authority and influence as members of the upper class, possessing wealth and connections that can make them as powerful as monarchs and generals. A noble often travels in the company of guards, as well as servants who are commoners.

The noble’s statistics can also be used to represent **courtiers** who aren’t of noble birth.",any race
207,ochre-jelly,Ochre Jelly,Large,ooze,unaligned,45,6d10,6d10+12,15,6,14,2,6,1,,2.0,2,450,/api/images/monsters/ochre-jelly.png,/api/2014/monsters/ochre-jelly,2025-05-04T02:15:02.229Z,,
208,octopus,Octopus,Small,beast,unaligned,3,1d6,1d6,4,15,11,3,10,4,,0.0,2,10,/api/images/monsters/octopus.png,/api/2014/monsters/octopus,2025-05-04T02:15:02.229Z,,
209,ogre,Ogre,Large,giant,chaotic evil,59,7d10,7d10+21,19,8,16,5,7,7,"Common, Giant",2.0,2,450,/api/images/monsters/ogre.png,/api/2014/monsters/ogre,2025-05-04T02:15:02.229Z,,
210,ogre-zombie,Ogre Zombie,Large,undead,neutral evil,85,9d10,9d10+36,19,6,18,3,6,5,understands Common and Giant but can't speak,2.0,2,450,/api/images/monsters/ogre-zombie.png,/api/2014/monsters/ogre-zombie,2025-05-04T02:15:02.229Z,,
211,oni,Oni,Large,giant,lawful evil,110,13d10,13d10+39,19,11,16,14,12,15,"Common, Giant",7.0,3,2900,/api/images/monsters/oni.png,/api/2014/monsters/oni,2025-05-04T02:15:02.230Z,,
212,orc,Orc,Medium,humanoid,chaotic evil,15,2d8,2d8+6,16,12,16,7,11,10,"Common, Orc",0.5,2,100,/api/images/monsters/orc.png,/api/2014/monsters/orc,2025-05-04T02:15:02.230Z,,orc
213,otyugh,Otyugh,Large,aberration,neutral,114,12d10,12d10+48,16,11,19,6,13,6,Otyugh,5.0,3,1800,/api/images/monsters/otyugh.png,/api/2014/monsters/otyugh,2025-05-04T02:15:02.230Z,,
214,owl,Owl,Tiny,beast,unaligned,1,1d4,1d4-1,3,13,8,2,12,7,,0.0,2,10,/api/images/monsters/owl.png,/api/2014/monsters/owl,2025-05-04T02:15:02.230Z,,
215,owlbear,Owlbear,Large,monstrosity,unaligned,59,7d10,7d10+21,20,12,17,3,12,7,,3.0,2,700,/api/images/monsters/owlbear.png,/api/2014/monsters/owlbear,2025-05-04T02:15:02.230Z,,
216,panther,Panther,Medium,beast,unaligned,13,3d8,3d8,14,15,10,3,14,7,,0.25,2,50,/api/images/monsters/panther.png,/api/2014/monsters/panther,2025-05-04T02:15:02.230Z,,
217,pegasus,Pegasus,Large,celestial,chaotic good,59,7d10,7d10+21,18,15,16,10,15,13,"understands Celestial, Common, Elvish, and Sylvan but can't speak",2.0,2,450,/api/images/monsters/pegasus.png,/api/2014/monsters/pegasus,2025-05-04T02:15:02.230Z,,
218,phase-spider,Phase Spider,Large,monstrosity,unaligned,32,5d10,5d10+5,15,15,12,6,10,6,,3.0,2,700,/api/images/monsters/phase-spider.png,/api/2014/monsters/phase-spider,2025-05-04T02:15:02.230Z,A phase spider possesses the magical ability to phase in and out of the Ethereal Plane. It seems to appear out of nowhere and quickly vanishes after attacking. Its movement on the Ethereal Plane before coming back to the Material Plane makes it seem like it can teleport.,
219,pit-fiend,Pit Fiend,Large,fiend,lawful evil,300,24d10,24d10+168,26,14,24,22,18,24,"Infernal, telepathy 120 ft.",20.0,6,25000,/api/images/monsters/pit-fiend.png,/api/2014/monsters/pit-fiend,2025-05-04T02:15:02.230Z,,devil
220,planetar,Planetar,Large,celestial,lawful good,200,16d10,16d10+112,24,20,24,19,22,25,"all, telepathy 120 ft.",16.0,5,15000,/api/images/monsters/planetar.png,/api/2014/monsters/planetar,2025-05-04T02:15:02.230Z,,
221,plesiosaurus,Plesiosaurus,Large,beast,unaligned,68,8d10,8d10+24,18,15,16,2,12,5,,2.0,2,450,/api/images/monsters/plesiosaurus.png,/api/2014/monsters/plesiosaurus,2025-05-04T02:15:02.230Z,,
222,poisonous-snake,Poisonous Snake,Tiny,beast,unaligned,2,1d4,1d4,2,16,11,1,10,3,,0.125,2,25,/api/images/monsters/poisonous-snake.png,/api/2014/monsters/poisonous-snake,2025-05-04T02:15:02.230Z,,
223,polar-bear,Polar Bear,Large,beast,unaligned,42,5d10,5d10+15,20,10,16,2,13,7,,2.0,2,450,/api/images/monsters/polar-bear.png,/api/2014/monsters/polar-bear,2025-05-04T02:15:02.230Z,,
224,pony,Pony,Medium,beast,unaligned,11,2d8,2d8+2,15,10,13,2,11,7,,0.125,2,25,/api/images/monsters/pony.png,/api/2014/monsters/pony,2025-05-04T02:15:02.230Z,,
225,priest,Priest,Medium,humanoid,any alignment,27,5d8,5d8+5,10,10,12,13,16,13,any two languages,2.0,2,450,/api/images/monsters/priest.png,/api/2014/monsters/priest,2025-05-04T02:15:02.230Z,"Priests bring the teachings of their gods to the common folk. They are the spiritual leaders of temples and shrines and often hold positions of influence in their communities. Evil priests might work openly under a tyrant, or they might be the leaders of religious sects hidden in the shadows of good society, overseeing depraved rites.

A priest typically has one or more acolytes to help with religious ceremonies and other sacred duties.",any race
226,pseudodragon,Pseudodragon,Tiny,dragon,neutral good,7,2d4,2d4+2,6,15,13,10,12,10,understands Common and Draconic but can't speak,0.25,2,50,/api/images/monsters/pseudodragon.png,/api/2014/monsters/pseudodragon,2025-05-04T02:15:02.230Z,,
227,purple-worm,Purple Worm,Gargantuan,monstrosity,unaligned,247,15d20,15d20+90,28,7,22,1,8,4,,15.0,5,13000,/api/images/monsters/purple-worm.png,/api/2014/monsters/purple-worm,2025-05-04T02:15:02.230Z,,
228,quasit,Quasit,Tiny,fiend,chaotic evil,7,3d4,3d4,5,17,10,7,10,10,"Abyssal, Common",1.0,2,200,/api/images/monsters/quasit.png,/api/2014/monsters/quasit,2025-05-04T02:15:02.230Z,,demon
229,quipper,Quipper,Tiny,beast,unaligned,1,1d4,1d4-1,2,16,9,1,7,2,,0.0,2,10,/api/images/monsters/quipper.png,/api/2014/monsters/quipper,2025-05-04T02:15:02.230Z,"A quipper is a carnivorous fish with sharp teeth. Quippers can adapt to any aquatic environment, including cold subterranean lakes. They frequently gather in swarms; the statistics for a swarm of quippers appear later in this appendix.",
230,rakshasa,Rakshasa,Medium,fiend,lawful evil,110,13d8,13d8+52,14,17,18,13,16,20,"Common, Infernal",13.0,5,10000,/api/images/monsters/rakshasa.png,/api/2014/monsters/rakshasa,2025-05-04T02:15:02.230Z,,
231,rat,Rat,Tiny,beast,unaligned,1,1d4,1d4-1,2,11,9,2,10,4,,0.0,2,10,/api/images/monsters/rat.png,/api/2014/monsters/rat,2025-05-04T02:15:02.230Z,,
232,raven,Raven,Tiny,beast,unaligned,1,1d4,1d4-1,2,14,8,2,12,6,,0.0,2,10,/api/images/monsters/raven.png,/api/2014/monsters/raven,2025-05-04T02:15:02.230Z,,
233,red-dragon-wyrmling,Red Dragon Wyrmling,Medium,dragon,chaotic evil,75,10d8,10d8+30,19,10,17,12,11,15,Draconic,4.0,2,1100,/api/images/monsters/red-dragon-wyrmling.png,/api/2014/monsters/red-dragon-wyrmling,2025-05-04T02:15:02.230Z,,
234,reef-shark,Reef Shark,Medium,beast,unaligned,22,4d8,4d8+4,14,13,13,1,10,4,,0.5,2,100,/api/images/monsters/reef-shark.png,/api/2014/monsters/reef-shark,2025-05-04T02:15:02.230Z,"Smaller than giant sharks and hunter sharks, reef sharks inhabit shallow waters and coral reefs, gathering in small packs to hunt. A full-grown specimen measures 6 to 10 feet long.",
235,remorhaz,Remorhaz,Huge,monstrosity,unaligned,195,17d12,17d12+85,24,13,21,4,10,5,,11.0,4,7200,/api/images/monsters/remorhaz.png,/api/2014/monsters/remorhaz,2025-05-04T02:15:02.230Z,,
236,rhinoceros,Rhinoceros,Large,beast,unaligned,45,6d10,6d10+12,21,8,15,2,12,6,,2.0,2,450,/api/images/monsters/rhinoceros.png,/api/2014/monsters/rhinoceros,2025-05-04T02:15:02.230Z,,
237,riding-horse,Riding Horse,Large,beast,unaligned,13,2d10,2d10+2,16,10,12,2,11,7,,0.25,2,25,/api/images/monsters/riding-horse.png,/api/2014/monsters/riding-horse,2025-05-04T02:15:02.230Z,,
238,roc,Roc,Gargantuan,monstrosity,unaligned,248,16d20,16d20+80,28,10,20,3,10,9,,11.0,4,7200,/api/images/monsters/roc.png,/api/2014/monsters/roc,2025-05-04T02:15:02.230Z,,
239,roper,Roper,Large,monstrosity,neutral evil,93,11d10,11d10+33,18,8,17,7,16,6,,5.0,3,1800,/api/images/monsters/roper.png,/api/2014/monsters/roper,2025-05-04T02:15:02.230Z,,
240,rug-of-smothering,Rug of Smothering,Large,construct,unaligned,33,6d10,6d10,17,14,10,1,3,1,,2.0,2,450,/api/images/monsters/rug-of-smothering.png,/api/2014/monsters/rug-of-smothering,2025-05-04T02:15:02.230Z,,
241,rust-monster,Rust Monster,Medium,monstrosity,unaligned,27,5d8,5d8+5,13,12,13,2,13,6,,0.5,2,100,/api/images/monsters/rust-monster.png,/api/2014/monsters/rust-monster,2025-05-04T02:15:02.230Z,,
242,saber-toothed-tiger,Saber-Toothed Tiger,Large,beast,unaligned,52,7d10,7d10+14,18,14,15,3,12,8,,2.0,2,450,/api/images/monsters/saber-toothed-tiger.png,/api/2014/monsters/saber-toothed-tiger,2025-05-04T02:15:02.230Z,,
243,sahuagin,Sahuagin,Medium,humanoid,lawful evil,22,4d8,4d8+4,13,11,12,12,13,9,Sahuagin,0.5,2,100,/api/images/monsters/sahuagin.png,/api/2014/monsters/sahuagin,2025-05-04T02:15:02.230Z,,sahuagin
244,salamander,Salamander,Large,elemental,neutral evil,90,12d10,12d10+24,18,14,15,11,10,12,Ignan,5.0,3,1800,/api/images/monsters/salamander.png,/api/2014/monsters/salamander,2025-05-04T02:15:02.230Z,,
245,satyr,Satyr,Medium,fey,chaotic neutral,31,7d8,7d8,12,16,11,12,10,14,"Common, Elvish, Sylvan",0.5,2,100,/api/images/monsters/satyr.png,/api/2014/monsters/satyr,2025-05-04T02:15:02.230Z,,
246,scorpion,Scorpion,Tiny,beast,unaligned,1,1d4,1d4-1,2,11,8,1,8,2,,0.0,2,10,/api/images/monsters/scorpion.png,/api/2014/monsters/scorpion,2025-05-04T02:15:02.230Z,,
247,scout,Scout,Medium,humanoid,any alignment,16,3d8,3d8+3,11,14,12,11,13,11,any one language (usually Common),0.5,2,100,/api/images/monsters/scout.png,/api/2014/monsters/scout,2025-05-04T02:15:02.230Z,"Scouts are skilled hunters and trackers who offer their services for a fee. Most hunt wild game, but a few work as bounty hunters, serve as guides, or provide military reconnaissance.",any race
248,sea-hag,Sea Hag,Medium,fey,chaotic evil,52,7d8,7d8+21,16,13,16,12,12,13,"Aquan, Common, Giant",2.0,2,450,/api/images/monsters/sea-hag.png,/api/2014/monsters/sea-hag,2025-05-04T02:15:02.230Z,,
249,sea-horse,Sea Horse,Tiny,beast,unaligned,1,1d4,1d4-1,1,12,8,1,10,2,,0.0,2,0,/api/images/monsters/sea-horse.png,/api/2014/monsters/sea-horse,2025-05-04T02:15:02.230Z,,
250,shadow,Shadow,Medium,undead,chaotic evil,16,3d8,3d8+3,6,14,13,6,10,8,,0.5,2,100,/api/images/monsters/shadow.png,/api/2014/monsters/shadow,2025-05-04T02:15:02.230Z,,
251,shambling-mound,Shambling Mound,Large,plant,unaligned,136,16d10,16d10+48,18,8,16,5,10,5,,5.0,3,1800,/api/images/monsters/shambling-mound.png,/api/2014/monsters/shambling-mound,2025-05-04T02:15:02.230Z,,
252,shield-guardian,Shield Guardian,Large,construct,unaligned,142,15d10,15d10+60,18,8,18,7,10,3,understands commands given in any language but can't speak,7.0,3,2900,/api/images/monsters/shield-guardian.png,/api/2014/monsters/shield-guardian,2025-05-04T02:15:02.230Z,,
253,shrieker,Shrieker,Medium,plant,unaligned,13,3d8,3d8,1,1,10,1,3,1,,0.0,2,10,/api/images/monsters/shrieker.png,/api/2014/monsters/shrieker,2025-05-04T02:15:02.230Z,,
254,silver-dragon-wyrmling,Silver Dragon Wyrmling,Medium,dragon,lawful good,45,6d8,6d8+18,19,10,17,12,11,15,Draconic,2.0,2,450,/api/images/monsters/silver-dragon-wyrmling.png,/api/2014/monsters/silver-dragon-wyrmling,2025-05-04T02:15:02.230Z,,
255,skeleton,Skeleton,Medium,undead,lawful evil,13,2d8,2d8+4,10,14,15,6,8,5,understands all languages it spoke in life but can't speak,0.25,2,50,/api/images/monsters/skeleton.png,/api/2014/monsters/skeleton,2025-05-04T02:15:02.230Z,,
256,solar,Solar,Large,celestial,lawful good,243,18d10,18d10+144,26,22,26,25,25,30,"all, telepathy 120 ft.",21.0,7,33000,/api/images/monsters/solar.png,/api/2014/monsters/solar,2025-05-04T02:15:02.230Z,,
257,specter,Specter,Medium,undead,chaotic evil,22,5d8,5d8,1,14,11,10,10,11,understands all languages it knew in life but can't speak,1.0,2,200,/api/images/monsters/specter.png,/api/2014/monsters/specter,2025-05-04T02:15:02.230Z,,
258,spider,Spider,Tiny,beast,unaligned,1,1d4,1d4-1,2,14,8,1,10,2,,0.0,2,10,/api/images/monsters/spider.png,/api/2014/monsters/spider,2025-05-04T02:15:02.230Z,,
259,spirit-naga,Spirit Naga,Large,monstrosity,chaotic evil,75,10d10,10d10+20,18,17,14,16,15,16,"Abyssal, Common",8.0,3,3900,/api/images/monsters/spirit-naga.png,/api/2014/monsters/spirit-naga,2025-05-04T02:15:02.230Z,,
260,sprite,Sprite,Tiny,fey,neutral good,2,1d4,1d4,3,18,10,14,13,11,"Common, Elvish, Sylvan",0.25,2,50,/api/images/monsters/sprite.png,/api/2014/monsters/sprite,2025-05-04T02:15:02.231Z,,
261,spy,Spy,Medium,humanoid,any alignment,27,6d8,6d8,10,15,10,12,14,16,any two languages,1.0,2,200,/api/images/monsters/spy.png,/api/2014/monsters/spy,2025-05-04T02:15:02.231Z,"Rulers, nobles, merchants, guildmasters, and other wealthy individuals use spies to gain the upper hand in a world of cutthroat politics. A spy is trained to secretly gather information. Loyal spies would rather die than divulge information that could compromise them or their employers.",any race
262,steam-mephit,Steam Mephit,Small,elemental,neutral evil,21,6d6,6d6,5,11,10,11,10,12,"Aquan, Ignan",0.25,2,50,/api/images/monsters/steam-mephit.png,/api/2014/monsters/steam-mephit,2025-05-04T02:15:02.231Z,,
263,stirge,Stirge,Tiny,beast,unaligned,2,1d4,1d4,4,16,11,2,8,6,,0.125,2,25,/api/images/monsters/stirge.png,/api/2014/monsters/stirge,2025-05-04T02:15:02.231Z,,
264,stone-giant,Stone Giant,Huge,giant,neutral,126,11d12,11d12+55,23,15,20,10,12,9,Giant,7.0,3,2900,/api/images/monsters/stone-giant.png,/api/2014/monsters/stone-giant,2025-05-04T02:15:02.231Z,,
265,stone-golem,Stone Golem,Large,construct,unaligned,178,17d10,17d10+85,22,9,20,3,11,1,understands the languages of its creator but can't speak,10.0,4,5900,/api/images/monsters/stone-golem.png,/api/2014/monsters/stone-golem,2025-05-04T02:15:02.231Z,,
266,storm-giant,Storm Giant,Huge,giant,chaotic good,230,20d12,20d12+100,29,14,20,16,18,18,"Common, Giant",13.0,5,10000,/api/images/monsters/storm-giant.png,/api/2014/monsters/storm-giant,2025-05-04T02:15:02.231Z,,
267,succubus-incubus,Succubus/Incubus,Medium,fiend,neutral evil,66,12d8,12d8+12,8,17,13,15,12,20,"Abyssal, Common, Infernal, telepathy 60 ft.",4.0,2,1100,/api/images/monsters/succubus-incubus.png,/api/2014/monsters/succubus-incubus,2025-05-04T02:15:02.231Z,,shapechanger
268,swarm-of-bats,Swarm of Bats,Medium,swarm of Tiny beasts,unaligned,22,5d8,5d8,5,15,10,2,12,4,,0.25,2,50,/api/images/monsters/swarm-of-bats.png,/api/2014/monsters/swarm-of-bats,2025-05-04T02:15:02.231Z,,
269,swarm-of-beetles,Swarm of Beetles,Medium,swarm of Tiny beasts,unaligned,22,5d8,5d8,3,13,10,1,7,1,,0.5,2,100,/api/images/monsters/swarm-of-beetles.png,/api/2014/monsters/swarm-of-beetles,2025-05-04T02:15:02.231Z,,
270,swarm-of-centipedes,Swarm of Centipedes,Medium,swarm of Tiny beasts,unaligned,22,5d8,5d8,3,13,10,1,7,1,,0.5,2,100,/api/images/monsters/swarm-of-centipedes.png,/api/2014/monsters/swarm-of-centipedes,2025-05-04T02:15:02.231Z,,
271,swarm-of-insects,Swarm of Insects,Medium,swarm of Tiny beasts,unaligned,22,5d8,5d8,3,13,10,1,7,1,,0.5,2,100,/api/images/monsters/swarm-of-insects.png,/api/2014/monsters/swarm-of-insects,2025-05-04T02:15:02.231Z,,
272,swarm-of-poisonous-snakes,Swarm of Poisonous Snakes,Medium,swarm of Tiny beasts,unaligned,36,8d8,8d8,8,18,11,1,10,3,,2.0,2,450,/api/images/monsters/swarm-of-poisonous-snakes.png,/api/2014/monsters/swarm-of-poisonous-snakes,2025-05-04T02:15:02.231Z,,
273,swarm-of-quippers,Swarm of Quippers,Medium,swarm of Tiny beasts,unaligned,28,8d8,8d8-8,13,16,9,1,7,2,,1.0,2,200,/api/images/monsters/swarm-of-quippers.png,/api/2014/monsters/swarm-of-quippers,2025-05-04T02:15:02.231Z,,
274,swarm-of-rats,Swarm of Rats,Medium,swarm of Tiny beasts,unaligned,24,7d8,7d8-7,9,11,9,2,10,3,,0.25,2,50,/api/images/monsters/swarm-of-rats.png,/api/2014/monsters/swarm-of-rats,2025-05-04T02:15:02.231Z,,
275,swarm-of-ravens,Swarm of Ravens,Medium,swarm of Tiny beasts,unaligned,24,7d8,7d8-7,6,14,8,3,12,6,,0.25,2,50,/api/images/monsters/swarm-of-ravens.png,/api/2014/monsters/swarm-of-ravens,2025-05-04T02:15:02.231Z,,
276,swarm-of-spiders,Swarm of Spiders,Medium,swarm of Tiny beasts,unaligned,22,5d8,5d8,3,13,10,1,7,1,,0.5,2,100,/api/images/monsters/swarm-of-spiders.png,/api/2014/monsters/swarm-of-spiders,2025-05-04T02:15:02.231Z,,
277,swarm-of-wasps,Swarm of Wasps,Medium,swarm of Tiny beasts,unaligned,22,5d8,5d8,3,13,10,1,7,1,,0.5,2,100,/api/images/monsters/swarm-of-wasps.png,/api/2014/monsters/swarm-of-wasps,2025-05-04T02:15:02.231Z,,
278,tarrasque,Tarrasque,Gargantuan,monstrosity,unaligned,676,33d20,33d20+330,30,11,30,3,11,11,,30.0,9,155000,/api/images/monsters/tarrasque.png,/api/2014/monsters/tarrasque,2025-05-04T02:15:02.231Z,,titan
279,thug,Thug,Medium,humanoid,any non-good alignment,32,5d8,5d8+10,15,11,14,10,10,11,any one language (usually Common),0.5,2,100,/api/images/monsters/thug.png,/api/2014/monsters/thug,2025-05-04T02:15:02.231Z,Thugs are ruthless enforcers skilled at intimidation and violence. They work for money and have few scruples.,any race
280,tiger,Tiger,Large,beast,unaligned,37,5d10,5d10+10,17,15,14,3,12,8,,1.0,2,200,/api/images/monsters/tiger.png,/api/2014/monsters/tiger,2025-05-04T02:15:02.231Z,,
281,treant,Treant,Huge,plant,chaotic good,138,12d12,12d12+60,23,8,21,12,16,12,"Common, Druidic, Elvish, Sylvan",9.0,4,5000,/api/images/monsters/treant.png,/api/2014/monsters/treant,2025-05-04T02:15:02.231Z,,
282,tribal-warrior,Tribal Warrior,Medium,humanoid,any alignment,11,2d8,2d8+2,13,11,12,8,11,8,any one language,0.125,2,25,/api/images/monsters/tribal-warrior.png,/api/2014/monsters/tribal-warrior,2025-05-04T02:15:02.231Z,"Tribal warriors live beyond civilization, most often subsisting on fishing and hunting. Each tribe acts in accordance with the wishes of its chief, who is the greatest or oldest warrior of the tribe or a tribe member blessed by the gods.",any race
283,triceratops,Triceratops,Huge,beast,unaligned,95,10d12,10d12+30,22,9,17,2,11,5,,5.0,3,1800,/api/images/monsters/triceratops.png,/api/2014/monsters/triceratops,2025-05-04T02:15:02.231Z,,
284,troll,Troll,Large,giant,chaotic evil,84,8d10,8d10+40,18,13,20,7,9,7,Giant,5.0,3,1800,/api/images/monsters/troll.png,/api/2014/monsters/troll,2025-05-04T02:15:02.231Z,,
285,tyrannosaurus-rex,Tyrannosaurus Rex,Huge,beast,unaligned,136,13d12,13d12+52,25,10,19,2,12,9,,8.0,3,3900,/api/images/monsters/tyrannosaurus-rex.png,/api/2014/monsters/tyrannosaurus-rex,2025-05-04T02:15:02.231Z,,
286,unicorn,Unicorn,Large,celestial,lawful good,67,9d10,9d10+18,18,14,15,11,17,16,"Celestial, Elvish, Sylvan, telepathy 60 ft.",5.0,3,1800,/api/images/monsters/unicorn.png,/api/2014/monsters/unicorn,2025-05-04T02:15:02.231Z,,
287,vampire-bat,"Vampire, Bat Form",Medium,undead,lawful evil,144,17d8,17d8+68,18,18,18,17,15,18,the languages it knew in life,13.0,5,10000,/api/images/monsters/vampire-bat.png,/api/2014/monsters/vampire-bat,2025-05-04T02:15:02.231Z,,shapechanger
288,vampire-mist,"Vampire, Mist Form",Medium,undead,lawful evil,144,17d8,17d8+68,18,18,18,17,15,18,the languages it knew in life,13.0,5,10000,/api/images/monsters/vampire-mist.png,/api/2014/monsters/vampire-mist,2025-05-04T02:15:02.231Z,,shapechanger
289,vampire-spawn,Vampire Spawn,Medium,undead,neutral evil,82,11d8,11d8+33,16,16,16,11,10,12,the languages it knew in life,5.0,3,1800,/api/images/monsters/vampire-spawn.png,/api/2014/monsters/vampire-spawn,2025-05-04T02:15:02.231Z,,
290,vampire-vampire,"Vampire, Vampire Form",Medium,undead,lawful evil,144,17d8,17d8+68,18,18,18,17,15,18,the languages it knew in life,13.0,5,10000,/api/images/monsters/vampire-vampire.png,/api/2014/monsters/vampire-vampire,2025-05-04T02:15:02.231Z,,shapechanger
291,veteran,Veteran,Medium,humanoid,any alignment,58,9d8,9d8+18,16,13,14,10,11,10,any one language (usually Common),3.0,2,700,/api/images/monsters/veteran.png,/api/2014/monsters/veteran,2025-05-04T02:15:02.231Z,Veterans are professional fighters that take up arms for pay or to protect something they believe in or value. Their ranks include soldiers retired from long service and warriors who never served anyone but themselves.,any race
292,violet-fungus,Violet Fungus,Medium,plant,unaligned,18,4d8,4d8,3,1,10,1,3,1,,0.25,2,50,/api/images/monsters/violet-fungus.png,/api/2014/monsters/violet-fungus,2025-05-04T02:15:02.231Z,,
293,vrock,Vrock,Large,fiend,chaotic evil,104,11d10,11d10+44,17,15,18,8,13,8,"Abyssal, telepathy 120 ft.",6.0,3,2300,/api/images/monsters/vrock.png,/api/2014/monsters/vrock,2025-05-04T02:15:02.231Z,,demon
294,vulture,Vulture,Medium,beast,unaligned,5,1d8,1d8+1,7,10,13,2,12,4,,0.0,2,10,/api/images/monsters/vulture.png,/api/2014/monsters/vulture,2025-05-04T02:15:02.231Z,,
295,warhorse,Warhorse,Large,beast,unaligned,19,3d10,3d10+3,18,12,13,2,12,7,,0.5,2,100,/api/images/monsters/warhorse.png,/api/2014/monsters/warhorse,2025-05-04T02:15:02.231Z,,
296,warhorse-skeleton,Warhorse Skeleton,Large,undead,lawful evil,22,3d10,3d10+6,18,12,15,2,8,5,,0.5,2,100,/api/images/monsters/warhorse-skeleton.png,/api/2014/monsters/warhorse-skeleton,2025-05-04T02:15:02.231Z,,
297,water-elemental,Water Elemental,Large,elemental,neutral,114,12d10,12d10+48,18,14,18,5,10,8,Aquan,5.0,3,1800,/api/images/monsters/water-elemental.png,/api/2014/monsters/water-elemental,2025-05-04T02:15:02.231Z,,
298,weasel,Weasel,Tiny,beast,unaligned,1,1d4,1d4-1,3,16,8,2,12,3,,0.0,2,10,/api/images/monsters/weasel.png,/api/2014/monsters/weasel,2025-05-04T02:15:02.231Z,,
299,werebear-bear,"Werebear, Bear Form",Medium,humanoid,neutral good,135,18d8,18d8+54,19,10,17,11,12,12,,5.0,3,1800,/api/images/monsters/werebear-bear.png,/api/2014/monsters/werebear-bear,2025-05-04T02:15:02.231Z,,human
300,werebear-human,"Werebear, Human Form",Medium,humanoid,neutral good,135,18d8,18d8+54,19,10,17,11,12,12,Common,5.0,3,1800,/api/images/monsters/werebear-human.png,/api/2014/monsters/werebear-human,2025-05-04T02:15:02.231Z,,human
301,werebear-hybrid,"Werebear, Hybrid Form",Medium,humanoid,neutral good,135,18d8,18d8+54,19,10,17,11,12,12,Common,5.0,3,1800,/api/images/monsters/werebear-hybrid.png,/api/2014/monsters/werebear-hybrid,2025-05-04T02:15:02.231Z,,human
302,wereboar-boar,"Wereboar, Boar Form",Medium,humanoid,neutral evil,78,12d8,12d8+24,17,10,15,10,11,8,,4.0,2,1100,/api/images/monsters/wereboar-boar.png,/api/2014/monsters/wereboar-boar,2025-05-04T02:15:02.231Z,,human
303,wereboar-human,"Wereboar, Human Form",Medium,humanoid,neutral evil,78,12d8,12d8+24,17,10,15,10,11,8,Common (can't speak in boar form),4.0,2,1100,/api/images/monsters/wereboar-human.png,/api/2014/monsters/wereboar-human,2025-05-04T02:15:02.231Z,,human
304,wereboar-hybrid,"Wereboar, Hybrid Form",Medium,humanoid,neutral evil,78,12d8,12d8+24,17,10,15,10,11,8,Common,4.0,2,1100,/api/images/monsters/wereboar-hybrid.png,/api/2014/monsters/wereboar-hybrid,2025-05-04T02:15:02.231Z,,human
305,wererat-human,"Wererat, Human Form",Medium,humanoid,lawful evil,33,6d8,6d8+6,10,15,12,11,10,8,Common,2.0,2,450,/api/images/monsters/wererat-human.png,/api/2014/monsters/wererat-human,2025-05-04T02:15:02.232Z,,human
306,wererat-hybrid,"Wererat, Hybrid Form",Medium,humanoid,lawful evil,33,6d8,6d8+6,10,15,12,11,10,8,Common,2.0,2,450,/api/images/monsters/wererat-hybrid.png,/api/2014/monsters/wererat-hybrid,2025-05-04T02:15:02.232Z,,human
307,wererat-rat,"Wererat, Rat Form",Medium,humanoid,lawful evil,33,6d8,6d8+6,10,15,12,11,10,8,,2.0,2,450,/api/images/monsters/wererat-rat.png,/api/2014/monsters/wererat-rat,2025-05-04T02:15:02.232Z,,human
308,weretiger-human,"Weretiger, Human Form",Medium,humanoid,neutral,120,16d8,16d8+48,17,15,16,10,13,11,Common,4.0,2,1100,/api/images/monsters/weretiger-human.png,/api/2014/monsters/weretiger-human,2025-05-04T02:15:02.232Z,,human
309,weretiger-hybrid,"Weretiger, Hybrid Form",Medium,humanoid,neutral,120,16d8,16d8+48,17,15,16,10,13,11,Common,4.0,2,1100,/api/images/monsters/weretiger-hybrid.png,/api/2014/monsters/weretiger-hybrid,2025-05-04T02:15:02.232Z,,human
310,weretiger-tiger,"Weretiger, Tiger Form",Medium,humanoid,neutral,120,16d8,16d8+48,17,15,16,10,13,11,,4.0,2,1100,/api/images/monsters/weretiger-tiger.png,/api/2014/monsters/weretiger-tiger,2025-05-04T02:15:02.232Z,,human
311,werewolf-human,"Werewolf, Human Form",Medium,humanoid,chaotic evil,58,9d8,9d8+18,15,13,14,10,11,10,Common,3.0,2,700,/api/images/monsters/werewolf-human.png,/api/2014/monsters/werewolf-human,2025-05-04T02:15:02.232Z,,human
312,werewolf-hybrid,"Werewolf, Hybrid Form",Medium,humanoid,chaotic evil,58,9d8,9d8+18,15,13,14,10,11,10,Common,3.0,2,700,/api/images/monsters/werewolf-hybrid.png,/api/2014/monsters/werewolf-hybrid,2025-05-04T02:15:02.232Z,,human
313,werewolf-wolf,"Werewolf, Wolf Form",Medium,humanoid,chaotic evil,58,9d8,9d8+18,15,13,14,10,11,10,,3.0,2,700,/api/images/monsters/werewolf-wolf.png,/api/2014/monsters/werewolf-wolf,2025-05-04T02:15:02.232Z,,human
314,white-dragon-wyrmling,White Dragon Wyrmling,Medium,dragon,chaotic evil,32,5d8,5d8+10,14,10,14,5,10,11,Draconic,2.0,2,450,/api/images/monsters/white-dragon-wyrmling.png,/api/2014/monsters/white-dragon-wyrmling,2025-05-04T02:15:02.232Z,,
315,wight,Wight,Medium,undead,neutral evil,45,6d8,6d8+18,15,14,16,10,13,15,the languages it knew in life,3.0,2,700,/api/images/monsters/wight.png,/api/2014/monsters/wight,2025-05-04T02:15:02.232Z,,
316,will-o-wisp,Will-o'-Wisp,Tiny,undead,chaotic evil,22,9d4,9d4,1,28,10,13,14,11,the languages it knew in life,2.0,2,450,/api/images/monsters/will-o-wisp.png,/api/2014/monsters/will-o-wisp,2025-05-04T02:15:02.232Z,,
317,winter-wolf,Winter Wolf,Large,monstrosity,neutral evil,75,10d10,10d10+20,18,13,14,7,12,8,"Common, Giant, Winter Wolf",3.0,2,700,/api/images/monsters/winter-wolf.png,/api/2014/monsters/winter-wolf,2025-05-04T02:15:02.232Z,"The arctic-dwelling winter wolf is as large as a dire wolf but has snow-white fur and pale blue eyes. Frost giants use these evil creatures as guards and hunting companions, putting the wolves’ deadly breath weapon to use against their foes. Winter wolves communicate with one another using growls and barks, but they speak Common and Giant well enough to follow simple conversations.",
318,wolf,Wolf,Medium,beast,unaligned,11,2d8,2d8+2,12,15,12,3,12,6,,0.25,2,50,/api/images/monsters/wolf.png,/api/2014/monsters/wolf,2025-05-04T02:15:02.232Z,,
319,worg,Worg,Large,monstrosity,neutral evil,26,4d10,4d10+4,16,13,13,7,11,8,"Goblin, Worg",0.5,2,100,/api/images/monsters/worg.png,/api/2014/monsters/worg,2025-05-04T02:15:02.232Z,"A worg is an evil predator that delights in hunting and devouring creatures weaker than itself. Cunning and malevolent, worgs roam across the remote wilderness or are raised by goblins and hobgoblins. Those creatures use worgs as mounts, but a worg will turn on its rider if it feels mistreated or malnourished. Worgs speak in their own language and Goblin, and a few learn to speak Common as well.",
320,wraith,Wraith,Medium,undead,neutral evil,67,9d8,9d8+27,6,16,16,12,14,15,the languages it knew in life,5.0,3,1800,/api/images/monsters/wraith.png,/api/2014/monsters/wraith,2025-05-04T02:15:02.232Z,,
321,wyvern,Wyvern,Large,dragon,unaligned,110,13d10,13d10+39,19,10,16,5,12,6,,6.0,3,2300,/api/images/monsters/wyvern.png,/api/2014/monsters/wyvern,2025-05-04T02:15:02.232Z,,
322,xorn,Xorn,Medium,elemental,neutral,73,7d8,7d8+42,17,10,22,11,10,11,Terran,5.0,3,1800,/api/images/monsters/xorn.png,/api/2014/monsters/xorn,2025-05-04T02:15:02.232Z,,
323,young-black-dragon,Young Black Dragon,Large,dragon,chaotic evil,127,15d10,15d10+45,19,14,17,12,11,15,"Common, Draconic",7.0,3,2900,/api/images/monsters/young-black-dragon.png,/api/2014/monsters/young-black-dragon,2025-05-04T02:15:02.232Z,,
324,young-blue-dragon,Young Blue Dragon,Large,dragon,lawful evil,152,16d10,16d10+64,21,10,19,14,13,17,"Common, Draconic",9.0,4,5000,/api/images/monsters/young-blue-dragon.png,/api/2014/monsters/young-blue-dragon,2025-05-04T02:15:02.232Z,,
325,young-brass-dragon,Young Brass Dragon,Large,dragon,chaotic good,110,13d10,13d10+39,19,10,17,12,11,15,"Common, Draconic",6.0,3,2300,/api/images/monsters/young-brass-dragon.png,/api/2014/monsters/young-brass-dragon,2025-05-04T02:15:02.232Z,,
326,young-bronze-dragon,Young Bronze Dragon,Large,dragon,lawful good,142,15d10,15d10+60,21,10,19,14,13,17,"Common, Draconic",8.0,3,3900,/api/images/monsters/young-bronze-dragon.png,/api/2014/monsters/young-bronze-dragon,2025-05-04T02:15:02.232Z,,
327,young-copper-dragon,Young Copper Dragon,Large,dragon,chaotic good,119,14d10,14d10+42,19,12,17,16,13,15,"Common, Draconic",7.0,3,2900,/api/images/monsters/young-copper-dragon.png,/api/2014/monsters/young-copper-dragon,2025-05-04T02:15:02.232Z,,
328,young-gold-dragon,Young Gold Dragon,Large,dragon,lawful good,178,17d10,17d10+85,23,14,21,16,13,20,"Common, Draconic",10.0,4,5900,/api/images/monsters/young-gold-dragon.png,/api/2014/monsters/young-gold-dragon,2025-05-04T02:15:02.232Z,,
329,young-green-dragon,Young Green Dragon,Large,dragon,lawful evil,136,16d10,16d10+48,19,12,17,16,13,15,"Common, Draconic",8.0,3,3900,/api/images/monsters/young-green-dragon.png,/api/2014/monsters/young-green-dragon,2025-05-04T02:15:02.232Z,,
330,young-red-dragon,Young Red Dragon,Large,dragon,chaotic evil,178,17d10,17d10+85,23,10,21,14,11,19,"Common, Draconic",10.0,4,5900,/api/images/monsters/young-red-dragon.png,/api/2014/monsters/young-red-dragon,2025-05-04T02:15:02.232Z,,
331,young-silver-dragon,Young Silver Dragon,Large,dragon,lawful good,168,16d10,16d10+80,23,10,21,14,11,19,"Common, Draconic",9.0,4,5000,/api/images/monsters/young-silver-dragon.png,/api/2014/monsters/young-silver-dragon,2025-05-04T02:15:02.232Z,,
332,young-white-dragon,Young White Dragon,Large,dragon,chaotic evil,133,14d10,14d10+56,18,10,18,6,11,12,"Common, Draconic",6.0,3,2300,/api/images/monsters/young-white-dragon.png,/api/2014/monsters/young-white-dragon,2025-05-04T02:15:02.232Z,,
333,zombie,Zombie,Medium,undead,neutral evil,22,3d8,3d8+9,13,6,16,3,6,5,understands all languages it spoke in life but can't speak,0.25,2,50,/api/images/monsters/zombie.png,/api/2014/monsters/zombie,2025-05-04T02:15:02.232Z,,
